MSRP,Engine HP,Engine Cylinders,city mpg,highway MPG
46135,335.0,6.0,19,26
40650,300.0,6.0,19,28
36350,300.0,6.0,20,28
29450,230.0,6.0,18,28
34500,230.0,6.0,18,28
31200,230.0,6.0,18,28
44100,300.0,6.0,17,26
39300,300.0,6.0,20,28
36900,230.0,6.0,18,28
37200,230.0,6.0,18,27
39600,300.0,6.0,20,28
31500,230.0,6.0,19,28
44400,300.0,6.0,19,28
37200,230.0,6.0,19,28
48250,320.0,6.0,18,25
43550,320.0,6.0,20,28
2000,172.0,6.0,17,24
2000,172.0,6.0,16,20
2000,172.0,6.0,16,21
2000,172.0,6.0,17,24
2000,172.0,6.0,16,20
2000,172.0,6.0,16,21
2000,172.0,6.0,16,21
2000,172.0,6.0,16,22
2000,172.0,6.0,17,22
2000,172.0,6.0,16,22
2000,172.0,6.0,16,21
27495,160.0,4.0,26,35
24995,160.0,4.0,26,35
28195,160.0,4.0,26,35
2000,130.0,4.0,18,26
2000,158.0,6.0,17,25
2000,158.0,6.0,17,25
2000,130.0,4.0,18,26
2000,130.0,4.0,18,26
2000,158.0,6.0,17,25
32850,240.0,4.0,23,35
38650,240.0,4.0,23,34
48750,320.0,6.0,20,31
34850,240.0,4.0,23,35
40650,240.0,4.0,22,34
44150,320.0,6.0,20,31
32850,240.0,4.0,22,34
46150,320.0,6.0,20,30
50750,320.0,6.0,20,30
46450,335.0,6.0,21,31
49050,335.0,6.0,21,32
51050,335.0,6.0,21,32
44450,335.0,6.0,21,32
38950,248.0,4.0,23,34
33150,248.0,4.0,24,35
35150,248.0,4.0,24,33
40950,248.0,4.0,23,33
2000,162.0,5.0,16,20
2000,162.0,5.0,15,22
2000,162.0,5.0,15,23
2000,217.0,5.0,16,22
2000,217.0,5.0,16,22
2000,162.0,5.0,16,20
25170,184.0,4.0,23,36
23950,184.0,4.0,23,36
29370,295.0,6.0,18,29
21995,184.0,4.0,23,36
26625,184.0,4.0,23,36
30825,295.0,6.0,18,29
21995,184.0,4.0,23,36
27795,184.0,4.0,23,36
31785,295.0,6.0,18,29
29905,295.0,6.0,18,29
22490,184.0,4.0,23,36
27570,184.0,4.0,23,36
25690,184.0,4.0,23,36
24490,184.0,4.0,23,36
29905,295.0,6.0,18,28
31785,295.0,6.0,18,28
26685,184.0,4.0,23,36
22490,184.0,4.0,23,36
25690,184.0,4.0,23,36
30900,295.0,6.0,18,28
27795,184.0,4.0,23,36
21995,184.0,4.0,23,36
24490,184.0,4.0,23,36
2000,115.0,4.0,26,36
2000,140.0,4.0,21,29
2000,140.0,4.0,21,29
2000,115.0,4.0,25,35
2000,115.0,4.0,25,35
2073,140.0,4.0,20,28
3713,155.0,4.0,19,26
3520,155.0,4.0,19,26
3910,155.0,4.0,19,26
4182,155.0,4.0,19,26
4107,155.0,4.0,19,26
4299,155.0,4.0,20,25
4693,155.0,4.0,20,25
4107,155.0,4.0,20,25
2000,114.0,4.0,19,26
2000,114.0,4.0,18,23
2000,114.0,4.0,19,26
2000,114.0,4.0,19,26
2000,114.0,4.0,19,26
2000,114.0,4.0,19,26
2000,114.0,4.0,18,25
16020,100.0,4.0,29,35
14530,100.0,4.0,29,35
16860,100.0,4.0,28,34
15370,100.0,4.0,28,34
17050,100.0,4.0,28,34
15560,100.0,4.0,28,34
16210,100.0,4.0,29,35
14720,100.0,4.0,29,35
17050,100.0,4.0,28,34
15560,100.0,4.0,28,34
16210,100.0,4.0,29,35
14720,100.0,4.0,29,35
47250,300.0,6.0,20,30
41850,240.0,4.0,22,33
43000,240.0,4.0,22,34
49200,300.0,6.0,20,30
49650,320.0,6.0,20,30
43950,248.0,4.0,23,33
41950,241.0,4.0,22,33
50150,335.0,6.0,25,33
37500,240.0,4.0,23,35
43750,300.0,6.0,21,32
39000,180.0,4.0,32,45
39500,240.0,4.0,22,33
34950,180.0,4.0,23,35
45750,300.0,6.0,20,30
43450,180.0,4.0,31,43
41000,180.0,4.0,31,43
32950,180.0,4.0,24,36
41850,180.0,4.0,30,40
47800,320.0,6.0,22,33
39850,180.0,4.0,32,42
38350,240.0,4.0,22,34
40350,240.0,4.0,22,34
38350,240.0,4.0,22,34
42650,240.0,4.0,22,34
33150,180.0,4.0,24,36
35150,180.0,4.0,23,35
44150,180.0,4.0,30,40
45800,320.0,6.0,22,33
38750,248.0,4.0,23,34
35450,180.0,4.0,23,34
33450,180.0,4.0,23,35
40750,248.0,4.0,23,33
42250,180.0,4.0,30,40
42950,248.0,4.0,23,33
40250,180.0,4.0,32,42
49900,320.0,6.0,21,31
47900,320.0,6.0,21,32
44450,180.0,4.0,30,40
2232,177.0,6.0,15,19
2000,177.0,6.0,15,20
2000,158.0,6.0,17,22
2105,177.0,6.0,15,20
2199,177.0,6.0,15,18
2000,177.0,6.0,16,22
2124,177.0,6.0,15,19
3552,228.0,6.0,14,21
2179,217.0,6.0,15,22
2000,121.0,5.0,23,30
2000,121.0,5.0,23,29
2377,228.0,6.0,14,17
3814,228.0,6.0,15,21
2207,177.0,6.0,15,19
2000,177.0,6.0,15,20
2248,217.0,6.0,15,21
2065,177.0,6.0,16,22
2547,148.0,6.0,18,22
2282,177.0,6.0,15,18
2000,158.0,6.0,18,23
2544,177.0,6.0,15,19
2397,217.0,6.0,17,22
2000,121.0,5.0,23,30
4174,228.0,6.0,14,21
2187,217.0,6.0,17,22
2729,148.0,6.0,18,22
2433,177.0,6.0,15,19
2247,194.0,6.0,17,23
2540,228.0,6.0,14,18
3941,218.0,6.0,17,23
3295,161.0,6.0,17,22
6008,320.0,6.0,16,22
6710,320.0,6.0,16,22
3701,161.0,6.0,17,22
4671,218.0,6.0,17,23
5306,218.0,6.0,17,23
7600,320.0,6.0,16,22
4090,161.0,6.0,17,22
37570,300.0,6.0,18,27
31695,292.0,6.0,19,31
38070,292.0,6.0,19,31
44895,292.0,6.0,18,27
35070,300.0,6.0,19,31
42395,292.0,6.0,19,31
34195,292.0,6.0,18,27
40570,292.0,6.0,18,27
38095,300.0,6.0,18,27
35595,300.0,6.0,19,31
45190,292.0,6.0,18,27
32260,292.0,6.0,19,31
37755,292.0,6.0,18,27
41055,292.0,6.0,18,27
36090,300.0,6.0,19,31
42690,292.0,6.0,19,31
38555,292.0,6.0,19,31
35255,292.0,6.0,19,31
38590,300.0,6.0,18,27
34760,292.0,6.0,18,27
41135,292.0,6.0,18,27
45270,292.0,6.0,18,27
38670,300.0,6.0,18,27
38635,292.0,6.0,19,30
36170,300.0,6.0,19,30
38175,300.0,6.0,18,27
32340,292.0,6.0,19,30
42770,292.0,6.0,19,30
34840,292.0,6.0,18,27
35675,300.0,6.0,19,30
32065,250.0,6.0,16,24
28540,250.0,6.0,16,24
32315,255.0,6.0,16,25
28885,250.0,6.0,16,25
29185,250.0,6.0,16,25
32615,255.0,6.0,16,25
2847,222.0,6.0,16,22
2488,222.0,6.0,16,22
2683,300.0,6.0,16,22
2553,222.0,6.0,16,22
3049,300.0,6.0,16,22
2774,222.0,6.0,17,22
2702,222.0,6.0,17,22
3101,222.0,6.0,17,22
3510,300.0,6.0,16,22
3107,222.0,6.0,17,22
3624,222.0,6.0,17,22
3185,222.0,6.0,17,22
2000,82.0,4.0,25,33
2000,82.0,4.0,25,33
2000,82.0,4.0,24,32
2000,82.0,4.0,25,33
2144,134.0,6.0,19,23
2098,134.0,6.0,19,23
2178,134.0,6.0,19,23
2311,134.0,6.0,19,23
36550,306.0,6.0,17,23
41250,306.0,6.0,17,23
30600,306.0,6.0,17,24
37100,306.0,6.0,17,24
27900,306.0,6.0,18,25
32700,306.0,6.0,18,25
40250,306.0,6.0,17,24
35550,306.0,6.0,17,24
36100,306.0,6.0,18,25
33200,306.0,6.0,17,24
37900,306.0,6.0,17,24
29600,306.0,6.0,18,25
38070,306.0,6.0,18,25
38900,306.0,6.0,17,23
33840,306.0,6.0,17,24
38630,306.0,6.0,17,24
39630,306.0,6.0,17,23
37740,306.0,6.0,17,24
41980,306.0,6.0,17,23
36280,306.0,6.0,17,24
36740,306.0,6.0,18,25
40980,306.0,6.0,17,24
38680,306.0,6.0,18,25
28510,306.0,6.0,18,25
30210,306.0,6.0,18,25
31210,306.0,6.0,17,24
33340,306.0,6.0,18,25
37280,306.0,6.0,17,23
41570,306.0,6.0,17,24
36870,306.0,6.0,17,24
42570,306.0,6.0,17,23
37870,306.0,6.0,17,23
39220,306.0,6.0,17,24
40220,306.0,6.0,17,23
160829,400.0,8.0,10,15
140615,400.0,8.0,10,15
150694,400.0,8.0,10,15
170829,400.0,8.0,10,15
165986,400.0,8.0,10,15
154090,400.0,8.0,10,15
143860,400.0,8.0,10,15
176287,400.0,8.0,10,15
157767,400.0,8.0,10,15
187124,425.0,8.0,10,15
147332,400.0,8.0,10,15
169900,400.0,8.0,10,15
180408,400.0,8.0,10,15
46790,350.0,6.0,19,26
48100,332.0,6.0,17,24
29990,332.0,6.0,18,26
41820,332.0,6.0,18,25
31290,332.0,6.0,19,26
34870,332.0,6.0,19,26
33570,332.0,6.0,18,26
46570,332.0,6.0,18,25
37970,332.0,6.0,18,26
37070,332.0,6.0,18,26
49400,332.0,6.0,18,25
45270,332.0,6.0,17,24
39270,332.0,6.0,19,26
45490,350.0,6.0,18,26
41990,350.0,6.0,18,26
38370,332.0,6.0,19,26
43290,350.0,6.0,19,26
41820,332.0,6.0,18,25
48100,332.0,6.0,17,24
43290,350.0,6.0,19,26
39270,332.0,6.0,19,26
34870,332.0,6.0,19,26
41990,350.0,6.0,18,26
38370,332.0,6.0,19,26
45270,332.0,6.0,17,24
45490,350.0,6.0,18,26
29990,332.0,6.0,18,26
46570,332.0,6.0,18,25
46790,350.0,6.0,19,26
49400,332.0,6.0,18,25
37070,332.0,6.0,18,26
31290,332.0,6.0,19,26
37970,332.0,6.0,18,26
33570,332.0,6.0,18,26
37970,332.0,6.0,18,26
38370,332.0,6.0,19,26
34870,332.0,6.0,19,26
29990,332.0,6.0,18,26
45490,350.0,6.0,18,26
41990,350.0,6.0,18,26
45270,332.0,6.0,17,24
33570,332.0,6.0,18,26
48100,332.0,6.0,17,24
39270,332.0,6.0,19,26
46570,332.0,6.0,18,25
49400,332.0,6.0,18,25
37070,332.0,6.0,18,26
41820,332.0,6.0,18,25
46790,350.0,6.0,19,26
43290,350.0,6.0,19,26
31290,332.0,6.0,19,26
25045,184.0,4.0,25,37
26095,184.0,4.0,28,39
23795,155.0,4.0,30,41
19595,155.0,4.0,29,41
18445,155.0,4.0,29,41
23845,184.0,4.0,25,37
25395,184.0,4.0,27,37
24895,184.0,4.0,28,39
25545,184.0,4.0,26,35
24295,155.0,4.0,30,40
19495,155.0,4.0,30,41
20095,155.0,4.0,29,40
19995,155.0,4.0,30,40
21145,155.0,4.0,30,40
23245,155.0,4.0,29,40
16945,155.0,4.0,29,41
24345,184.0,4.0,26,35
20645,155.0,4.0,30,41
18945,155.0,4.0,29,40
26595,184.0,4.0,27,37
22745,155.0,4.0,29,41
17995,155.0,4.0,30,41
22545,155.0,4.0,29,41
21095,155.0,4.0,30,41
25495,184.0,4.0,27,37
20745,155.0,4.0,29,40
24295,155.0,4.0,30,40
23595,155.0,4.0,30,41
21795,155.0,4.0,30,40
17845,155.0,4.0,29,41
26495,184.0,4.0,27,37
24745,184.0,4.0,25,37
18895,155.0,4.0,30,41
19595,155.0,4.0,30,40
23245,155.0,4.0,29,40
18545,155.0,4.0,29,40
25795,184.0,4.0,28,39
20045,155.0,4.0,29,41
25445,184.0,4.0,26,35
24795,184.0,4.0,28,39
21495,155.0,4.0,28,37
17845,155.0,4.0,27,37
23145,184.0,4.0,25,34
24195,184.0,4.0,27,36
20145,155.0,4.0,28,37
24945,184.0,4.0,26,35
23895,184.0,4.0,25,33
19095,155.0,4.0,27,37
23445,184.0,4.0,26,35
18895,155.0,4.0,28,37
22245,155.0,4.0,28,37
22395,184.0,4.0,25,33
20445,155.0,4.0,27,37
42300,240.0,4.0,22,33
40300,240.0,4.0,23,34
45800,300.0,6.0,21,32
47800,300.0,6.0,20,31
43650,240.0,4.0,22,34
49950,300.0,6.0,20,30
47950,300.0,6.0,20,31
41650,240.0,4.0,23,34
48300,320.0,6.0,21,32
50300,320.0,6.0,21,31
43950,248.0,4.0,23,33
41950,248.0,4.0,23,34
56900,300.0,6.0,20,29
46250,300.0,6.0,21,32
50750,240.0,4.0,21,33
42750,240.0,4.0,22,33
48750,240.0,4.0,23,34
48250,300.0,6.0,20,30
40750,240.0,4.0,23,35
54900,300.0,6.0,20,31
52000,240.0,4.0,21,33
50000,240.0,4.0,23,34
41850,240.0,4.0,22,34
50150,300.0,6.0,20,30
41850,240.0,4.0,23,35
58950,300.0,6.0,20,29
43850,240.0,4.0,22,34
48150,300.0,6.0,20,31
56950,300.0,6.0,20,31
50300,248.0,4.0,23,34
52300,248.0,4.0,22,32
50500,320.0,6.0,21,31
44150,248.0,4.0,23,33
42150,248.0,4.0,23,34
59300,320.0,6.0,20,30
57300,320.0,6.0,21,29
48500,320.0,6.0,21,32
2168,268.0,8.0,15,20
2497,282.0,8.0,12,16
2278,275.0,8.0,16,22
2650,275.0,8.0,13,17
2000,201.0,8.0,14,17
2186,201.0,8.0,14,17
223970,442.0,12.0,9,14
219775,442.0,12.0,9,15
228625,442.0,12.0,9,14
224585,442.0,12.0,9,15
228625,442.0,12.0,9,14
224585,442.0,12.0,9,15
257412,562.0,8.0,13,17
233509,562.0,8.0,13,17
233509,562.0,8.0,13,17
288000,597.0,8.0,13,17
257412,562.0,8.0,13,17
239340,562.0,8.0,13,17
263553,562.0,8.0,13,17
291744,597.0,8.0,13,17
63900,237.0,4.0,24,34
68400,237.0,4.0,24,34
53900,237.0,4.0,24,34
55900,237.0,4.0,24,34
65900,237.0,4.0,24,34
41365,270.0,6.0,17,23
35740,270.0,6.0,17,23
37615,270.0,6.0,17,22
34695,270.0,6.0,17,22
35725,270.0,6.0,17,22
43400,270.0,6.0,17,22
32820,270.0,6.0,17,23
38645,270.0,6.0,17,22
37825,270.0,6.0,17,21
43620,270.0,6.0,17,21
36115,270.0,6.0,17,21
35950,270.0,6.0,17,22
33210,270.0,6.0,17,22
38855,270.0,6.0,17,21
41585,270.0,6.0,17,22
35085,270.0,6.0,17,21
41310,270.0,6.0,17,21
36690,270.0,6.0,17,22
44360,270.0,6.0,17,21
39595,270.0,6.0,17,21
41850,270.0,6.0,17,21
42325,270.0,6.0,17,22
35885,270.0,6.0,17,21
38565,270.0,6.0,17,21
36915,270.0,6.0,17,21
34010,270.0,6.0,17,22
60700,300.0,6.0,19,28
71400,445.0,8.0,16,24
63000,300.0,6.0,18,26
69100,445.0,8.0,16,25
63200,300.0,6.0,18,26
72500,445.0,8.0,16,24
60900,300.0,6.0,19,28
63200,300.0,6.0,18,26
60900,300.0,6.0,19,27
72500,445.0,8.0,15,24
67200,443.0,8.0,16,25
57900,302.0,6.0,20,29
57100,255.0,6.0,26,38
52250,241.0,4.0,22,33
59400,255.0,6.0,26,37
64900,443.0,8.0,17,25
49950,241.0,4.0,23,34
55600,302.0,6.0,20,31
57350,255.0,6.0,26,38
58150,302.0,6.0,20,29
55850,302.0,6.0,20,31
52500,240.0,4.0,22,34
50200,240.0,4.0,23,34
68600,443.0,8.0,16,25
66300,443.0,8.0,17,25
59650,255.0,6.0,26,37
4155,322.0,8.0,13,17
2427,322.0,8.0,11,15
3245,322.0,8.0,13,16
4701,322.0,8.0,13,17
3176,315.0,8.0,12,16
3613,315.0,8.0,14,18
5140,315.0,8.0,14,19
2692,315.0,8.0,12,16
31800,239.0,0.0,122,108
31800,239.0,0.0,121,103
31800,239.0,0.0,121,103
26595,160.0,4.0,28,34
18700,101.0,4.0,31,40
19700,135.0,4.0,28,34
22800,101.0,4.0,28,34
24700,101.0,4.0,28,34
22495,160.0,4.0,28,34
17495,101.0,4.0,31,40
20345,101.0,4.0,28,34
17700,101.0,4.0,31,40
20400,101.0,4.0,31,40
16845,101.0,4.0,31,40
26695,160.0,4.0,28,34
21295,101.0,4.0,31,40
20395,101.0,4.0,31,40
17745,101.0,4.0,31,40
22575,160.0,4.0,28,34
24495,101.0,4.0,31,40
16995,101.0,4.0,31,40
20395,101.0,4.0,31,40
19700,135.0,4.0,28,34
17900,101.0,4.0,31,40
21395,101.0,4.0,31,40
19995,160.0,4.0,28,33
19390,101.0,4.0,27,33
17485,101.0,4.0,27,33
20885,101.0,4.0,27,33
21490,160.0,4.0,28,33
15990,101.0,4.0,27,33
19345,160.0,4.0,25,33
23095,160.0,4.0,25,33
24695,160.0,4.0,22,30
21695,160.0,4.0,25,33
20695,160.0,4.0,25,33
21880,160.0,4.0,25,33
23395,160.0,4.0,25,33
24795,160.0,4.0,22,30
20795,160.0,4.0,25,33
19495,160.0,4.0,25,33
23695,160.0,4.0,22,30
20995,160.0,4.0,22,30
22995,160.0,4.0,22,30
24635,180.0,4.0,21,30
25135,180.0,4.0,22,31
29235,180.0,4.0,21,30
23335,180.0,4.0,22,31
22735,180.0,4.0,22,31
27035,180.0,4.0,21,30
20000,160.0,4.0,25,34
27335,180.0,4.0,22,31
25235,180.0,4.0,21,30
27035,180.0,4.0,21,29
25135,180.0,4.0,22,30
25235,180.0,4.0,21,29
23890,180.0,4.0,21,29
23335,180.0,4.0,22,30
19995,160.0,4.0,25,33
248500,485.0,12.0,8,12
205840,485.0,12.0,8,12
2323,238.0,8.0,12,16
2170,238.0,8.0,12,16
2443,238.0,8.0,12,16
2304,238.0,8.0,12,16
184900,562.0,8.0,16,23
214670,515.0,12.0,9,15
224670,515.0,12.0,9,16
217890,515.0,12.0,9,15
228339,515.0,12.0,9,16
228339,515.0,12.0,9,16
217890,515.0,12.0,9,15
366000,543.0,12.0,10,16
455500,631.0,12.0,10,16
405500,604.0,12.0,10,16
372500,543.0,12.0,10,16
412000,620.0,12.0,10,16
379050,543.0,12.0,10,16
418950,620.0,12.0,10,16
320580,611.0,12.0,11,15
310543,611.0,12.0,11,15
310543,611.0,12.0,11,15
320580,611.0,12.0,11,15
410000,661.0,12.0,11,15
24470,157.0,4.0,22,28
20940,157.0,4.0,22,28
19940,157.0,4.0,21,28
22070,157.0,4.0,22,28
20140,157.0,4.0,21,28
24670,157.0,4.0,22,28
21140,157.0,4.0,22,28
22270,157.0,4.0,22,28
24770,157.0,4.0,21,28
22370,157.0,4.0,21,28
21240,157.0,4.0,21,28
92600,445.0,8.0,16,24
81300,315.0,6.0,20,29
78300,315.0,6.0,20,31
89600,445.0,8.0,17,25
93900,445.0,8.0,15,24
82500,315.0,6.0,20,29
90900,445.0,8.0,17,25
79500,315.0,6.0,20,31
91200,445.0,8.0,17,24
82800,315.0,6.0,19,28
94200,445.0,8.0,15,24
79800,315.0,6.0,20,29
94900,445.0,8.0,17,25
86600,315.0,6.0,20,29
79100,315.0,6.0,20,29
76100,315.0,6.0,21,32
90400,445.0,8.0,16,25
83600,315.0,6.0,20,31
87400,445.0,8.0,17,25
97900,445.0,8.0,16,24
87800,315.0,6.0,20,29
77300,315.0,6.0,20,31
99200,445.0,8.0,15,24
96200,445.0,8.0,17,25
80300,315.0,6.0,20,29
84800,315.0,6.0,20,31
91700,445.0,8.0,16,25
88700,445.0,8.0,17,25
92000,445.0,8.0,16,24
77600,315.0,6.0,21,30
89000,445.0,8.0,17,24
80600,315.0,6.0,19,28
85100,315.0,6.0,20,29
88100,315.0,6.0,19,28
96500,445.0,8.0,17,24
99500,445.0,8.0,15,24
2960,402.0,12.0,10,14
3108,389.0,12.0,11,15
4623,389.0,12.0,12,16
3211,389.0,12.0,11,15
2000,140.0,6.0,17,27
2000,110.0,4.0,20,29
2000,140.0,6.0,17,27
2000,140.0,6.0,17,27
2000,140.0,6.0,17,28
2000,140.0,6.0,17,28
2000,110.0,4.0,19,28
313088,532.0,12.0,9,16
313088,532.0,12.0,9,16
313088,532.0,12.0,9,16
2080,170.0,6.0,19,25
2234,170.0,6.0,19,25
2000,130.0,4.0,23,29
2146,130.0,4.0,19,25
22935,165.0,6.0,19,25
19935,165.0,6.0,19,25
20935,125.0,4.0,19,25
18735,125.0,4.0,23,29
19985,165.0,6.0,19,25
18785,125.0,4.0,23,29
21885,165.0,6.0,19,25
456500,604.0,12.0,10,16
417000,543.0,12.0,10,16
506500,631.0,12.0,10,16
423500,543.0,12.0,10,16
463000,620.0,12.0,10,16
470350,620.0,12.0,10,16
430450,543.0,12.0,10,16
265500,641.0,8.0,16,22
280225,641.0,8.0,16,22
24895,184.0,4.0,26,38
22895,184.0,4.0,26,38
23845,184.0,4.0,25,37
21190,184.0,4.0,25,37
29895,184.0,4.0,28,40
22995,184.0,4.0,26,38
24995,184.0,4.0,26,38
21495,184.0,4.0,25,37
30195,184.0,4.0,26,38
23945,184.0,4.0,25,37
30695,184.0,4.0,26,35
21945,184.0,4.0,24,34
24195,184.0,4.0,24,34
22995,184.0,4.0,26,35
25245,184.0,4.0,26,35
141200,535.0,12.0,13,20
78000,315.0,6.0,19,29
91000,445.0,8.0,16,25
94000,445.0,8.0,16,24
81000,315.0,6.0,19,28
74000,315.0,6.0,19,29
87300,445.0,8.0,17,25
90300,445.0,8.0,16,24
82500,255.0,6.0,23,31
94400,445.0,8.0,17,25
81300,320.0,6.0,21,29
97400,445.0,8.0,16,25
94600,445.0,8.0,17,26
97600,445.0,8.0,16,25
84500,320.0,6.0,19,28
81500,320.0,6.0,21,29
53900,300.0,4.0,21,28
66300,350.0,4.0,20,26
2000,114.0,4.0,19,26
2000,153.0,4.0,19,26
2000,114.0,4.0,19,26
2000,153.0,4.0,18,23
2000,162.0,4.0,17,20
2000,162.0,4.0,18,24
2000,114.0,4.0,18,24
2000,162.0,4.0,17,20
2000,162.0,4.0,18,24
2000,114.0,4.0,18,24
2000,162.0,4.0,17,20
2000,114.0,4.0,18,26
2000,114.0,4.0,18,26
2000,144.0,6.0,15,19
2000,162.0,4.0,16,20
2000,162.0,4.0,16,20
2000,188.0,4.0,16,20
2000,144.0,6.0,15,19
4784,282.0,8.0,15,22
5858,322.0,12.0,12,19
8488,372.0,12.0,10,18
6954,322.0,12.0,12,19
5680,282.0,8.0,14,19
7624,322.0,12.0,12,19
6693,282.0,8.0,14,19
2000,108.0,4.0,19,28
2000,130.0,5.0,16,22
2000,130.0,5.0,18,24
2000,130.0,5.0,16,22
2000,130.0,5.0,18,24
2000,130.0,5.0,16,22
2000,222.0,5.0,17,24
2000,168.0,5.0,18,26
2000,240.0,5.0,17,24
2000,168.0,5.0,18,26
2000,222.0,5.0,17,24
2000,240.0,5.0,17,24
2000,222.0,5.0,17,24
2000,222.0,5.0,17,24
2000,168.0,5.0,18,26
2000,240.0,5.0,17,24
2000,168.0,5.0,18,26
2000,240.0,5.0,17,24
2000,168.0,5.0,18,26
2000,168.0,5.0,18,26
2000,240.0,5.0,17,24
2000,222.0,5.0,17,24
2091,240.0,5.0,17,24
2000,190.0,5.0,18,24
2000,190.0,5.0,18,24
2000,222.0,5.0,17,24
26255,205.0,4.0,21,28
26975,200.0,4.0,24,32
26950,227.0,4.0,17,24
22990,165.0,4.0,20,27
26950,230.0,4.0,18,25
22990,173.0,4.0,19,26
28900,220.0,4.0,20,33
44080,220.0,4.0,20,33
46080,220.0,4.0,20,33
37115,220.0,4.0,20,30
39490,220.0,4.0,20,33
34340,220.0,4.0,20,33
44080,220.0,4.0,18,28
40840,220.0,4.0,18,28
31180,220.0,4.0,18,28
32395,220.0,4.0,20,30
34340,220.0,4.0,19,29
34975,220.0,4.0,18,29
37115,220.0,4.0,18,29
34975,220.0,4.0,20,30
30250,220.0,4.0,19,29
32395,220.0,4.0,18,29
29830,220.0,4.0,20,33
46080,220.0,4.0,18,28
37810,210.0,4.0,17,27
51330,280.0,6.0,15,24
38305,210.0,4.0,19,27
44885,280.0,6.0,15,24
30360,210.0,4.0,19,29
42130,210.0,4.0,19,27
43605,280.0,6.0,15,24
31790,210.0,4.0,19,29
35315,210.0,4.0,19,27
37140,210.0,4.0,19,28
34150,210.0,4.0,19,28
44455,210.0,4.0,19,27
36395,210.0,4.0,17,27
47345,210.0,4.0,19,27
32395,207.0,4.0,17,27
28900,207.0,4.0,21,31
30330,207.0,4.0,21,31
39990,207.0,4.0,20,29
38115,207.0,4.0,17,27
45080,207.0,4.0,19,27
35340,207.0,4.0,19,28
36975,207.0,4.0,17,27
37020,207.0,4.0,19,27
28900,210.0,4.0,21,31
38115,210.0,4.0,17,27
32395,210.0,4.0,17,27
39990,210.0,4.0,20,29
30330,210.0,4.0,21,31
37020,210.0,4.0,19,27
35340,210.0,4.0,19,28
36975,210.0,4.0,17,27
45080,210.0,4.0,19,27
37250,265.0,6.0,18,25
35875,265.0,6.0,17,23
33380,265.0,6.0,18,25
40245,265.0,6.0,17,23
48010,300.0,6.0,15,22
39400,260.0,4.0,17,27
43270,260.0,4.0,17,27
39650,260.0,4.0,17,27
38380,260.0,4.0,17,27
40765,260.0,4.0,17,27
42000,260.0,4.0,17,27
49165,300.0,6.0,16,27
38525,220.0,4.0,20,33
49565,300.0,6.0,17,27
43435,220.0,4.0,18,28
48030,300.0,6.0,17,27
39190,290.0,6.0,14,20
41190,300.0,8.0,13,19
42770,300.0,8.0,13,19
40400,285.0,6.0,14,20
46530,390.0,8.0,12,16
49105,390.0,8.0,12,16
42615,285.0,6.0,14,20
45345,300.0,8.0,14,20
2000,225.0,4.0,18,25
2000,210.0,6.0,16,24
2000,170.0,4.0,18,25
2000,200.0,4.0,18,25
2122,210.0,6.0,16,24
2000,170.0,4.0,18,26
2145,225.0,4.0,18,26
2084,200.0,4.0,18,26
2063,200.0,4.0,18,26
2172,225.0,4.0,18,25
2000,185.0,4.0,18,26
2000,185.0,4.0,15,23
2000,150.0,4.0,18,26
2000,170.0,6.0,17,23
2000,185.0,4.0,18,26
2000,170.0,6.0,17,23
2000,150.0,4.0,18,26
2000,150.0,4.0,18,26
2000,185.0,4.0,18,25
2000,170.0,6.0,17,23
2000,150.0,4.0,18,26
2000,150.0,4.0,18,26
2078,185.0,4.0,18,25
2000,185.0,4.0,18,25
2117,170.0,6.0,17,23
2000,150.0,4.0,18,26
2115,185.0,4.0,18,25
2000,185.0,4.0,18,25
2000,185.0,4.0,18,24
2268,185.0,4.0,18,25
2000,185.0,4.0,18,24
2000,172.0,6.0,15,20
2000,172.0,6.0,18,24
2000,172.0,6.0,17,22
2000,172.0,6.0,18,24
2000,172.0,6.0,17,23
2000,172.0,6.0,17,24
96200,350.0,6.0,19,27
132800,430.0,6.0,18,25
120900,430.0,6.0,18,26
105630,400.0,6.0,18,26
98900,400.0,6.0,19,27
163000,520.0,6.0,17,24
102930,350.0,6.0,19,26
151100,520.0,6.0,17,24
91030,350.0,6.0,19,27
84300,350.0,6.0,19,27
114200,430.0,6.0,18,26
182700,560.0,6.0,17,24
194600,560.0,6.0,17,24
130400,475.0,6.0,15,20
110800,400.0,6.0,19,27
117530,400.0,6.0,18,26
126100,430.0,6.0,18,25
101600,350.0,6.0,18,26
116200,400.0,6.0,18,26
102930,350.0,6.0,19,26
120900,430.0,6.0,18,26
105630,400.0,6.0,18,26
126100,430.0,6.0,18,25
91030,350.0,6.0,19,27
98900,400.0,6.0,19,27
132800,430.0,6.0,18,25
84300,350.0,6.0,19,27
151100,520.0,6.0,17,24
104600,350.0,6.0,19,26
102930,350.0,6.0,18,26
132800,430.0,6.0,18,26
114200,430.0,6.0,18,26
88800,350.0,6.0,19,27
194600,560.0,6.0,17,24
96200,350.0,6.0,19,27
117530,400.0,6.0,18,26
94800,350.0,6.0,19,27
110800,400.0,6.0,19,27
117530,400.0,6.0,18,26
98500,350.0,6.0,19,27
163000,520.0,6.0,17,24
182700,560.0,6.0,17,24
130400,475.0,6.0,15,20
175900,500.0,6.0,14,20
159200,540.0,6.0,20,29
108600,370.0,6.0,19,28
200400,580.0,6.0,20,28
115700,420.0,6.0,20,28
110300,420.0,6.0,20,28
122600,420.0,6.0,20,28
103400,420.0,6.0,20,28
96300,370.0,6.0,20,29
101700,370.0,6.0,20,29
171500,540.0,6.0,20,29
188100,580.0,6.0,20,28
108600,370.0,6.0,20,29
122600,420.0,6.0,20,28
89400,370.0,6.0,20,29
6294,345.0,8.0,11,17
7419,345.0,8.0,11,17
9400,345.0,8.0,11,17
2000,195.0,6.0,17,22
2000,193.0,6.0,17,22
2000,193.0,6.0,17,22
2000,114.0,4.0,17,25
2000,114.0,4.0,17,25
2000,162.0,4.0,17,22
2000,162.0,4.0,17,22
2000,114.0,4.0,17,24
2000,114.0,4.0,17,24
2000,162.0,4.0,17,22
2000,162.0,4.0,17,22
2000,162.0,4.0,17,22
2000,162.0,4.0,17,24
2000,162.0,4.0,17,22
2000,114.0,4.0,17,24
2667,208.0,4.0,15,24
3083,208.0,4.0,15,24
3578,208.0,4.0,15,24
3047,208.0,4.0,15,24
2000,181.0,6.0,15,23
2000,181.0,6.0,15,23
2000,181.0,6.0,16,24
2000,181.0,6.0,16,24
2000,181.0,6.0,16,24
2000,181.0,6.0,16,24
4651,236.0,4.0,15,24
3839,236.0,4.0,15,24
4191,236.0,4.0,15,24
4878,236.0,4.0,15,24
4723,236.0,4.0,15,24
5576,236.0,4.0,15,24
35150,150.0,4.0,31,43
32600,150.0,4.0,31,43
33200,220.0,4.0,24,33
44050,170.0,4.0,24,35
29900,170.0,4.0,23,33
41650,220.0,4.0,24,33
38150,170.0,4.0,24,35
35750,220.0,4.0,24,33
41050,150.0,4.0,31,43
47050,220.0,4.0,23,32
38350,170.0,4.0,23,33
35600,170.0,4.0,24,35
38600,220.0,4.0,23,32
41150,220.0,4.0,23,32
32450,170.0,4.0,23,33
34200,220.0,4.0,24,33
39600,220.0,4.0,23,32
37700,220.0,4.0,24,33
33200,150.0,4.0,31,43
43050,220.0,4.0,24,33
39300,170.0,4.0,24,35
36600,170.0,4.0,24,35
39750,170.0,4.0,23,33
45450,170.0,4.0,24,35
48450,220.0,4.0,23,32
36700,150.0,4.0,31,43
34400,170.0,4.0,23,33
35900,150.0,4.0,31,43
43100,220.0,4.0,23,32
36900,220.0,4.0,24,33
33600,170.0,4.0,23,33
30900,170.0,4.0,23,33
40100,170.0,4.0,24,35
42300,220.0,4.0,23,32
42050,150.0,4.0,31,43
43150,220.0,4.0,26,35
40150,186.0,4.0,26,35
37450,220.0,4.0,26,35
37600,186.0,4.0,25,34
34450,186.0,4.0,26,35
40300,220.0,4.0,25,34
49250,220.0,4.0,25,34
43550,220.0,4.0,25,34
31200,186.0,4.0,26,35
40850,186.0,4.0,25,34
46550,186.0,4.0,25,34
34200,220.0,4.0,26,35
51400,252.0,4.0,23,28
44000,252.0,4.0,23,28
47000,252.0,4.0,23,28
45000,220.0,4.0,22,31
39700,220.0,4.0,22,31
43800,220.0,4.0,22,32
35500,220.0,4.0,24,32
38500,220.0,4.0,22,32
37600,220.0,4.0,24,32
36400,220.0,4.0,22,32
42900,220.0,4.0,24,32
37600,220.0,4.0,22,31
37000,220.0,4.0,22,32
38000,220.0,4.0,22,31
38000,220.0,4.0,22,31
35900,220.0,4.0,22,31
40100,220.0,4.0,22,31
39100,220.0,4.0,22,32
37300,252.0,4.0,25,33
34900,190.0,4.0,27,37
48000,252.0,4.0,24,31
43200,252.0,4.0,24,31
41100,252.0,4.0,25,33
45900,252.0,4.0,25,33
39400,252.0,4.0,24,31
38700,190.0,4.0,27,37
37850,190.0,4.0,27,37
42350,252.0,4.0,24,31
43800,220.0,4.0,22,31
41500,220.0,4.0,22,31
47900,220.0,4.0,21,29
50200,220.0,4.0,21,29
40500,220.0,4.0,22,32
42800,220.0,4.0,22,32
41200,220.0,4.0,23,32
48600,220.0,4.0,15,21
42200,220.0,4.0,15,22
58700,240.0,6.0,24,38
50450,220.0,4.0,20,29
44800,220.0,4.0,25,33
60100,310.0,6.0,18,27
48350,220.0,4.0,25,33
56300,310.0,6.0,18,27
46900,220.0,4.0,20,29
62500,240.0,6.0,24,38
52100,252.0,4.0,22,32
49900,252.0,4.0,24,35
46200,252.0,4.0,24,35
59500,240.0,6.0,25,38
61600,333.0,6.0,20,30
57400,333.0,6.0,20,30
63700,240.0,6.0,25,38
48400,252.0,4.0,22,32
53800,252.0,4.0,22,31
61600,333.0,6.0,22,31
67600,340.0,6.0,22,31
58600,333.0,6.0,21,29
49800,252.0,4.0,22,32
51600,252.0,4.0,24,354
47600,252.0,4.0,24,34
65900,310.0,6.0,18,28
69750,310.0,6.0,18,28
68300,240.0,6.0,24,38
72150,240.0,6.0,24,38
70400,240.0,6.0,25,38
68300,333.0,6.0,20,30
73050,240.0,6.0,24,35
70950,333.0,6.0,20,30
68800,333.0,6.0,21,29
71350,333.0,6.0,21,29
85200,240.0,6.0,24,36
137900,500.0,12.0,14,22
90500,450.0,8.0,18,29
81500,333.0,6.0,18,28
91500,450.0,8.0,18,29
82500,333.0,6.0,19,29
43850,281.0,6.0,15,22
45850,281.0,6.0,15,22
33975,281.0,6.0,17,24
40820,281.0,6.0,17,24
42820,281.0,6.0,16,23
42095,281.0,6.0,17,24
44095,281.0,6.0,16,23
38555,281.0,6.0,16,23
47690,288.0,6.0,17,24
35975,281.0,6.0,16,23
49690,288.0,6.0,16,23
36555,281.0,6.0,17,24
36755,281.0,6.0,15,22
44295,281.0,6.0,15,22
42295,281.0,6.0,15,22
30975,281.0,6.0,15,22
36175,281.0,6.0,15,22
49890,288.0,6.0,15,22
41020,281.0,6.0,15,22
34175,281.0,6.0,15,22
47890,288.0,6.0,15,22
38755,281.0,6.0,15,22
43020,281.0,6.0,15,22
38350,194.0,4.0,21,26
43750,310.0,6.0,18,25
35070,194.0,4.0,21,26
32450,194.0,4.0,21,26
37070,194.0,4.0,21,25
41450,310.0,6.0,18,25
34450,194.0,4.0,21,25
29070,194.0,4.0,21,26
44920,310.0,6.0,18,25
46920,310.0,6.0,18,25
41750,310.0,6.0,18,25
17395,138.0,4.0,27,37
14895,138.0,4.0,27,38
15645,138.0,4.0,27,37
16095,138.0,4.0,27,37
14645,138.0,4.0,27,38
16395,138.0,4.0,27,38
14745,137.0,4.0,27,38
14995,137.0,4.0,27,38
15745,137.0,4.0,26,37
17495,137.0,4.0,26,37
16495,137.0,4.0,27,38
16195,137.0,4.0,26,37
15745,137.0,4.0,26,37
17495,137.0,4.0,26,37
16195,137.0,4.0,26,37
16495,137.0,4.0,27,38
14745,137.0,4.0,27,38
14995,137.0,4.0,27,38
2000,100.0,4.0,22,29
2000,106.0,4.0,19,25
2000,100.0,4.0,19,26
34020,271.0,6.0,17,25
36220,271.0,6.0,17,25
29670,271.0,6.0,18,27
34770,271.0,6.0,18,27
32570,271.0,6.0,18,27
29990,271.0,6.0,18,27
32890,271.0,6.0,18,27
36540,271.0,6.0,18,26
34340,271.0,6.0,18,26
35090,271.0,6.0,18,27
31905,195.0,4.0,50,45
29155,195.0,4.0,50,45
34905,195.0,4.0,50,45
35055,196.0,4.0,50,45
32055,196.0,4.0,50,45
29305,196.0,4.0,50,45
29605,212.0,4.0,49,47
32905,212.0,4.0,49,47
35955,212.0,4.0,49,47
39780,196.0,4.0,47,46
30775,278.0,6.0,18,28
32270,278.0,6.0,21,34
32550,278.0,6.0,21,32
23775,185.0,4.0,24,34
26300,185.0,4.0,26,35
30195,185.0,4.0,27,36
25450,185.0,4.0,24,34
32550,278.0,6.0,18,28
24665,189.0,4.0,26,35
25030,185.0,4.0,24,34
30270,185.0,4.0,26,35
25830,185.0,4.0,27,36
28495,185.0,4.0,26,35
30495,278.0,6.0,21,34
30775,278.0,6.0,21,32
22105,185.0,4.0,24,34
28420,185.0,4.0,27,36
33630,278.0,6.0,21,34
24625,185.0,4.0,26,35
23865,189.0,4.0,24,34
22905,185.0,4.0,27,36
32745,278.0,6.0,21,34
28670,185.0,4.0,27,37
26850,185.0,4.0,26,35
25065,189.0,4.0,26,35
30745,278.0,6.0,21,34
27380,185.0,4.0,27,37
34680,278.0,6.0,21,34
27850,185.0,4.0,26,35
24725,185.0,4.0,26,35
24265,189.0,4.0,23,34
26380,185.0,4.0,27,37
30845,185.0,4.0,26,35
25580,185.0,4.0,23,34
23005,185.0,4.0,27,37
23875,185.0,4.0,23,34
28845,185.0,4.0,26,35
26065,189.0,4.0,26,35
26000,185.0,4.0,23,34
25725,185.0,4.0,26,35
24005,185.0,4.0,27,37
31025,278.0,6.0,18,28
34225,278.0,6.0,21,32
33025,278.0,6.0,21,32
22205,185.0,4.0,23,34
31025,278.0,6.0,21,32
30670,185.0,4.0,27,37
26215,189.0,4.0,26,34
24025,185.0,4.0,23,32
30995,185.0,4.0,26,34
22355,185.0,4.0,23,32
34830,278.0,6.0,21,33
26150,185.0,4.0,23,32
32895,278.0,6.0,21,33
25215,189.0,4.0,26,34
27530,185.0,4.0,27,36
28820,185.0,4.0,27,36
24155,185.0,4.0,27,36
34375,278.0,6.0,21,32
30895,278.0,6.0,21,33
33175,278.0,6.0,21,32
31175,278.0,6.0,18,28
27000,185.0,4.0,26,34
28000,185.0,4.0,26,34
24415,189.0,4.0,23,32
28995,185.0,4.0,26,34
30820,185.0,4.0,27,36
31175,278.0,6.0,21,32
25875,185.0,4.0,26,34
26530,185.0,4.0,27,36
23155,185.0,4.0,27,36
25730,185.0,4.0,23,32
25415,189.0,4.0,23,32
24875,185.0,4.0,26,34
2000,150.0,4.0,20,30
2000,150.0,4.0,20,30
2000,150.0,4.0,19,29
2000,150.0,4.0,19,29
2000,150.0,6.0,18,27
61400,335.0,6.0,23,30
61900,335.0,6.0,23,30
62100,335.0,6.0,23,30
84300,350.0,6.0,22,30
84300,350.0,6.0,22,30
84300,335.0,6.0,22,30
88900,480.0,8.0,17,19
88900,480.0,8.0,17,19
17049,155.0,4.0,21,26
16349,155.0,4.0,22,28
15949,155.0,4.0,22,28
13449,155.0,4.0,22,28
15449,155.0,4.0,22,28
17349,155.0,4.0,21,26
15649,155.0,4.0,22,28
16849,155.0,4.0,21,26
15149,155.0,4.0,22,28
16049,155.0,4.0,22,28
16549,155.0,4.0,21,26
17849,155.0,4.0,21,26
14349,155.0,4.0,22,28
17549,155.0,4.0,21,26
16599,155.0,4.0,21,26
15499,155.0,4.0,22,28
15999,155.0,4.0,22,28
14099,155.0,4.0,22,28
16099,155.0,4.0,21,26
15299,155.0,4.0,22,28
14599,155.0,4.0,22,28
16999,155.0,4.0,21,26
17099,155.0,4.0,21,26
14999,155.0,4.0,22,28
16199,155.0,4.0,22,28
15099,155.0,4.0,22,28
14299,155.0,4.0,22,28
16299,155.0,4.0,21,26
17199,155.0,4.0,21,26
15299,155.0,4.0,22,28
16199,155.0,4.0,22,28
2000,135.0,6.0,16,22
2000,135.0,6.0,15,22
2000,155.0,6.0,14,18
2000,135.0,6.0,15,22
2000,140.0,6.0,15,21
2000,155.0,6.0,13,19
2000,140.0,6.0,15,21
2000,140.0,6.0,16,22
2000,140.0,6.0,15,21
2000,140.0,6.0,15,22
2000,152.0,6.0,13,17
2000,140.0,6.0,15,22
22395,170.0,6.0,18,27
21080,170.0,6.0,18,27
19605,140.0,4.0,21,30
21080,170.0,6.0,18,27
17805,140.0,4.0,21,30
17805,140.0,4.0,21,30
19855,140.0,4.0,21,30
22145,170.0,6.0,18,27
21585,170.0,6.0,18,27
18085,140.0,4.0,21,30
21585,170.0,6.0,18,27
20035,140.0,4.0,21,30
22935,170.0,6.0,18,27
22685,170.0,6.0,18,27
18085,140.0,4.0,21,30
20035,140.0,4.0,21,30
23335,170.0,6.0,18,27
18485,140.0,4.0,21,31
21985,170.0,6.0,18,27
20435,140.0,4.0,21,31
18485,140.0,4.0,21,31
20435,140.0,4.0,21,31
23085,170.0,6.0,18,27
21985,170.0,6.0,18,27
2000,200.0,8.0,14,20
2234,200.0,8.0,14,20
2358,295.0,8.0,13,20
39950,250.0,6.0,14,21
41000,250.0,6.0,15,20
46950,300.0,8.0,14,19
39950,250.0,6.0,15,20
39950,250.0,6.0,14,21
40250,250.0,6.0,14,21
47250,300.0,8.0,14,19
40250,250.0,6.0,15,20
40700,220.0,4.0,20,27
43300,220.0,4.0,20,27
49200,220.0,4.0,20,27
44500,220.0,4.0,21,28
42400,220.0,4.0,21,28
49800,220.0,4.0,21,28
42700,220.0,4.0,21,28
44800,220.0,4.0,21,28
117300,540.0,8.0,16,24
122200,600.0,8.0,15,24
122500,600.0,8.0,15,24
135200,540.0,8.0,16,24
132200,540.0,8.0,16,25
131300,540.0,8.0,16,24
128300,540.0,8.0,16,25
132200,540.0,8.0,16,25
131300,540.0,8.0,16,24
135200,540.0,8.0,16,24
128300,540.0,8.0,16,25
137000,600.0,8.0,16,24
136900,375.0,8.0,13,19
26650,198.0,4.0,35,33
26780,158.0,4.0,35,33
26800,198.0,4.0,33,33
22560,182.0,4.0,27,38
28150,182.0,4.0,27,38
31950,270.0,6.0,22,32
22300,182.0,4.0,27,38
29830,270.0,6.0,22,32
32350,270.0,6.0,22,32
26450,270.0,6.0,22,32
24720,182.0,4.0,27,38
32090,270.0,6.0,22,32
27390,270.0,6.0,22,32
22500,182.0,4.0,27,39
22900,182.0,4.0,27,39
24470,182.0,4.0,27,37
25460,182.0,4.0,27,39
28570,182.0,4.0,27,39
27990,270.0,6.0,22,32
32690,270.0,6.0,22,32
25460,179.0,4.0,27,39
22500,179.0,4.0,27,39
32690,270.0,6.0,22,32
22900,179.0,4.0,27,39
27990,270.0,6.0,22,32
24470,179.0,4.0,26,37
28570,179.0,4.0,27,39
25495,264.0,6.0,17,24
25495,264.0,6.0,17,24
26045,264.0,6.0,17,24
129900,503.0,8.0,16,22
131200,503.0,8.0,16,22
111200,456.0,8.0,16,22
37590,317.0,8.0,13,19
52860,317.0,8.0,12,18
42680,317.0,8.0,13,19
45580,317.0,8.0,12,18
42890,317.0,8.0,12,18
49960,317.0,8.0,13,19
50780,317.0,8.0,13,19
53680,317.0,8.0,12,18
43810,317.0,8.0,12,18
46500,317.0,8.0,12,18
49880,317.0,8.0,13,19
43600,317.0,8.0,13,19
38510,317.0,8.0,13,19
52780,317.0,8.0,12,18
49650,390.0,8.0,14,19
57590,390.0,8.0,14,19
60490,390.0,8.0,13,18
52550,390.0,8.0,13,18
44900,390.0,8.0,14,19
47800,390.0,8.0,13,18
221990,450.0,8.0,10,15
242990,500.0,8.0,10,15
263990,450.0,8.0,10,14
263990,450.0,8.0,9,15
242990,500.0,8.0,10,15
221990,450.0,8.0,10,15
270990,500.0,8.0,10,14
224990,450.0,8.0,10,14
246990,500.0,8.0,10,14
267990,450.0,8.0,9,15
30935,235.0,8.0,13,17
33810,235.0,8.0,12,17
32905,302.0,8.0,14,19
35780,302.0,8.0,13,17
45270,385.0,8.0,20,22
37115,303.0,8.0,13,18
34730,303.0,8.0,14,19
2000,63.0,4.0,31,38
2000,63.0,4.0,31,38
2000,63.0,4.0,29,38
2000,63.0,4.0,29,38
2000,63.0,4.0,29,38
2000,63.0,4.0,29,38
22050,190.0,6.0,15,21
24450,190.0,6.0,14,18
25195,190.0,6.0,14,18
22695,190.0,6.0,14,19
22930,190.0,6.0,15,20
25430,190.0,6.0,14,18
25690,190.0,6.0,12,16
23690,190.0,6.0,14,19
26195,190.0,6.0,12,16
24195,190.0,6.0,14,19
24430,190.0,6.0,14,20
26430,190.0,6.0,12,16
48165,321.0,6.0,18,28
50165,321.0,6.0,18,26
37995,272.0,4.0,21,31
40445,272.0,4.0,20,29
46935,272.0,4.0,20,29
51435,321.0,6.0,18,26
45150,321.0,6.0,18,28
47095,272.0,4.0,21,31
48205,272.0,4.0,20,29
47750,321.0,6.0,18,26
50325,321.0,6.0,18,28
41920,272.0,4.0,21,31
44935,272.0,4.0,21,31
44520,272.0,4.0,20,29
47605,272.0,4.0,22,31
41920,272.0,4.0,22,31
48675,335.0,6.0,20,30
48715,272.0,4.0,22,30
45445,272.0,4.0,22,31
45150,335.0,6.0,20,30
40445,272.0,4.0,22,30
47750,335.0,6.0,19,28
47445,272.0,4.0,22,30
50675,335.0,6.0,19,28
37995,272.0,4.0,22,31
51945,335.0,6.0,19,28
44520,272.0,4.0,22,30
50835,335.0,6.0,20,30
43395,272.0,4.0,22,30
37595,272.0,4.0,22,31
39995,272.0,4.0,22,30
49495,335.0,6.0,20,30
41395,272.0,4.0,22,31
46995,335.0,6.0,20,30
48995,335.0,6.0,19,27
62665,464.0,6.0,17,23
60465,464.0,6.0,17,23
62895,464.0,6.0,16,23
60695,464.0,6.0,16,23
41340,272.0,4.0,20,28
39340,272.0,4.0,21,30
33215,202.0,4.0,21,33
45615,272.0,4.0,21,30
47615,321.0,6.0,18,28
44660,321.0,6.0,18,28
46715,272.0,4.0,20,28
37245,272.0,4.0,20,28
41340,321.0,6.0,18,28
46660,321.0,6.0,18,26
48715,321.0,6.0,18,26
44660,272.0,4.0,20,28
35245,272.0,4.0,21,30
42660,272.0,4.0,21,30
37340,202.0,4.0,21,33
43340,321.0,6.0,18,26
41340,335.0,6.0,20,30
46110,272.0,4.0,22,31
45155,335.0,6.0,20,30
39340,272.0,4.0,22,31
47155,335.0,6.0,19,28
43155,272.0,4.0,22,31
37245,272.0,4.0,22,30
48110,335.0,6.0,20,30
37340,202.0,4.0,22,32
35245,272.0,4.0,22,31
43340,335.0,6.0,19,28
33215,202.0,4.0,22,32
47210,272.0,4.0,22,30
41340,272.0,4.0,22,30
45155,272.0,4.0,22,30
49210,335.0,6.0,19,28
46995,335.0,6.0,20,30
40395,272.0,4.0,22,30
43995,335.0,6.0,20,30
45995,335.0,6.0,19,27
34595,272.0,4.0,22,31
36595,272.0,4.0,22,30
38395,272.0,4.0,22,31
34794,250.0,8.0,15,23
30619,215.0,6.0,17,25
31615,215.0,6.0,16,25
35085,250.0,8.0,16,24
34725,250.0,8.0,15,24
45815,320.0,8.0,15,21
35725,320.0,8.0,15,21
38830,320.0,8.0,15,21
39405,320.0,8.0,15,21
46195,320.0,8.0,15,21
39350,320.0,8.0,15,21
49500,320.0,8.0,15,21
42455,320.0,8.0,15,21
36300,320.0,8.0,15,21
40195,320.0,8.0,15,21
43245,320.0,8.0,15,21
47000,320.0,8.0,15,21
39850,320.0,8.0,15,21
36800,320.0,8.0,15,21
50305,320.0,8.0,15,21
37800,200.0,4.0,40,39
41700,200.0,4.0,40,39
36470,200.0,4.0,40,39
36650,200.0,4.0,40,39
38100,200.0,4.0,40,39
41950,200.0,4.0,40,39
42550,200.0,4.0,40,39
38700,200.0,4.0,40,39
37250,200.0,4.0,40,39
37170,268.0,6.0,21,31
32285,268.0,6.0,21,31
39980,268.0,6.0,21,31
36080,268.0,6.0,21,31
34140,268.0,6.0,21,31
37050,268.0,6.0,21,31
35850,268.0,6.0,21,31
40450,268.0,6.0,21,31
32650,268.0,6.0,21,31
34400,268.0,6.0,21,31
41050,268.0,6.0,21,30
37650,268.0,6.0,21,30
33250,268.0,6.0,21,30
36450,268.0,6.0,21,30
35000,268.0,6.0,21,30
25995,283.0,6.0,19,29
21495,173.0,4.0,20,31
23995,283.0,6.0,19,29
18995,173.0,4.0,21,30
25695,283.0,6.0,19,29
19795,173.0,4.0,21,29
22595,173.0,4.0,20,31
20595,173.0,4.0,21,29
25795,283.0,6.0,19,29
23295,173.0,4.0,20,31
441600,700.0,12.0,10,16
397500,700.0,12.0,11,18
548800,720.0,12.0,10,16
497650,720.0,12.0,11,18
441600,700.0,12.0,10,16
397500,700.0,12.0,11,18
548800,720.0,12.0,10,16
497650,720.0,12.0,11,18
443800,700.0,12.0,10,17
535500,750.0,12.0,11,18
490700,750.0,12.0,11,18
399500,700.0,12.0,11,18
11965,107.0,4.0,27,34
15365,107.0,4.0,27,34
14100,107.0,4.0,27,34
11965,107.0,4.0,27,34
14100,107.0,4.0,27,34
15365,107.0,4.0,27,34
15365,108.0,4.0,27,35
11965,108.0,4.0,27,35
14100,108.0,4.0,27,35
12115,108.0,4.0,27,35
15365,108.0,4.0,27,35
14250,108.0,4.0,27,35
15365,108.0,4.0,27,35
12115,108.0,4.0,27,35
11965,108.0,4.0,27,35
14250,108.0,4.0,27,35
15365,108.0,4.0,27,35
14100,108.0,4.0,27,35
45125,302.0,8.0,12,17
42175,302.0,8.0,12,17
39485,302.0,8.0,12,17
42435,302.0,8.0,12,17
45705,302.0,8.0,12,16
42755,302.0,8.0,12,17
40290,302.0,8.0,12,17
43240,302.0,8.0,12,16
40635,302.0,8.0,11,17
43585,302.0,8.0,11,16
2000,138.0,4.0,19,24
2000,138.0,4.0,17,22
2000,138.0,4.0,16,20
2000,138.0,4.0,18,22
38200,293.0,6.0,19,28
34000,293.0,6.0,20,29
34100,293.0,6.0,20,29
39300,293.0,6.0,19,28
34100,293.0,6.0,20,28
39300,293.0,6.0,19,28
23820,185.0,6.0,16,22
20870,185.0,6.0,17,24
24190,185.0,6.0,16,22
21275,185.0,6.0,17,24
24445,185.0,6.0,16,22
21530,185.0,6.0,17,24
363000,500.0,8.0,9,15
329990,450.0,8.0,10,15
329990,450.0,8.0,9,15
334990,450.0,8.0,9,15
41450,177.0,0.0,85,82
41450,177.0,0.0,85,82
39900,177.0,0.0,85,82
2179,119.0,4.0,19,24
3323,160.0,6.0,14,19
2915,160.0,6.0,15,20
2756,150.0,6.0,15,21
2692,119.0,4.0,19,24
2930,150.0,6.0,15,20
2717,119.0,4.0,19,24
3033,150.0,6.0,15,20
2713,150.0,6.0,15,20
2432,119.0,4.0,19,24
3514,160.0,6.0,15,19
3696,160.0,6.0,15,19
2593,119.0,4.0,19,24
3538,160.0,6.0,15,19
2870,160.0,6.0,16,20
2211,119.0,4.0,19,24
3206,150.0,6.0,16,20
3119,150.0,6.0,16,21
3214,150.0,6.0,16,20
2853,150.0,6.0,16,21
3221,160.0,6.0,15,20
2493,119.0,4.0,19,24
2946,150.0,6.0,16,21
3011,150.0,6.0,16,20
2857,119.0,4.0,19,24
3229,160.0,6.0,15,20
2801,119.0,4.0,19,24
2637,119.0,4.0,20,24
2961,119.0,4.0,20,24
3107,143.0,6.0,16,21
3394,143.0,6.0,15,20
2689,143.0,6.0,16,21
3768,160.0,6.0,15,19
2350,119.0,4.0,20,24
3289,143.0,6.0,16,21
2413,143.0,6.0,16,21
3928,160.0,6.0,15,19
3579,160.0,6.0,14,19
3032,143.0,6.0,16,21
3190,143.0,6.0,15,20
26590,207.0,6.0,14,17
19675,148.0,6.0,16,21
15535,143.0,4.0,21,26
19040,148.0,6.0,16,21
21430,148.0,6.0,16,21
22045,207.0,6.0,15,19
26590,207.0,6.0,14,17
22045,207.0,6.0,15,19
15535,143.0,4.0,21,26
16060,143.0,4.0,21,26
22150,207.0,6.0,15,19
20030,150.0,6.0,15,19
14990,150.0,6.0,15,21
17225,150.0,6.0,15,21
18485,150.0,6.0,15,21
14545,119.0,4.0,19,24
12345,119.0,4.0,19,24
18360,150.0,6.0,15,19
19340,207.0,6.0,16,20
17545,150.0,6.0,15,21
12495,140.0,4.0,21,26
22085,207.0,6.0,14,18
14695,140.0,4.0,21,26
15125,150.0,6.0,15,21
30695,250.0,6.0,16,21
32395,250.0,6.0,16,21
34195,250.0,6.0,16,21
34295,250.0,6.0,16,21
37695,250.0,6.0,16,21
35895,250.0,6.0,16,21
33895,250.0,6.0,16,21
32295,250.0,6.0,16,21
35695,250.0,6.0,16,21
29995,245.0,6.0,16,21
37295,245.0,6.0,16,21
35495,245.0,6.0,16,21
33495,245.0,6.0,16,21
31995,245.0,6.0,16,21
34495,245.0,6.0,16,21
32495,245.0,6.0,16,21
22795,165.0,4.0,19,25
23995,210.0,4.0,16,22
24995,210.0,4.0,16,21
21995,165.0,4.0,19,25
26295,210.0,4.0,16,21
22345,165.0,4.0,19,25
24345,210.0,4.0,17,23
25345,210.0,4.0,16,21
27245,210.0,4.0,16,21
23145,165.0,4.0,19,25
24595,210.0,4.0,17,23
22495,165.0,4.0,20,26
25595,210.0,4.0,16,21
27495,210.0,4.0,16,21
23295,165.0,4.0,19,25
27295,170.0,4.0,24,32
31795,210.0,4.0,23,29
34895,210.0,4.0,23,29
27295,170.0,5.0,21,27
32755,140.0,4.0,28,41
29395,210.0,4.0,23,31
29395,170.0,4.0,24,32
25170,170.0,4.0,24,32
30495,210.0,4.0,23,29
30695,210.0,4.0,23,31
31195,140.0,4.0,28,41
30755,170.0,4.0,24,32
33795,210.0,4.0,23,31
30095,140.0,4.0,28,41
29395,170.0,5.0,21,27
29995,140.0,4.0,28,41
25170,170.0,5.0,21,27
28895,140.0,4.0,28,41
30295,150.0,4.0,30,40
31995,210.0,4.0,23,29
33995,210.0,4.0,23,31
30195,150.0,4.0,30,40
32595,210.0,4.0,23,29
29595,170.0,4.0,24,32
35095,210.0,4.0,23,29
30425,170.0,4.0,24,32
27475,170.0,4.0,24,32
30895,210.0,4.0,23,31
31125,150.0,4.0,30,40
29675,150.0,4.0,30,40
30995,210.0,4.0,23,29
34875,210.0,4.0,23,31
29895,210.0,4.0,23,31
29095,150.0,4.0,30,40
31395,150.0,4.0,30,40
25595,170.0,4.0,24,32
25995,170.0,4.0,24,32
35975,210.0,4.0,23,29
30775,150.0,4.0,30,40
32225,150.0,4.0,30,40
31495,210.0,4.0,23,31
27995,170.0,4.0,24,32
29790,210.0,4.0,23,31
28070,170.0,4.0,25,34
34950,210.0,4.0,23,31
32670,210.0,4.0,23,31
31570,210.0,4.0,23,31
30500,170.0,4.0,25,34
25995,170.0,4.0,25,34
36050,210.0,4.0,23,31
30890,210.0,4.0,23,31
25490,170.0,4.0,25,34
25895,150.0,4.0,31,41
31625,210.0,4.0,24,30
20195,170.0,4.0,25,33
24185,170.0,4.0,25,33
26985,170.0,4.0,25,33
30525,210.0,4.0,23,31
26195,170.0,4.0,25,33
23085,170.0,4.0,24,33
21795,170.0,4.0,25,33
28115,210.0,4.0,23,31
32475,210.0,4.0,24,30
28675,210.0,4.0,23,31
20695,170.0,4.0,24,33
25450,210.0,4.0,23,31
27710,150.0,4.0,31,41
26550,210.0,4.0,24,30
25885,170.0,4.0,24,33
29215,210.0,4.0,24,30
25095,170.0,4.0,24,33
26430,150.0,4.0,31,41
29625,150.0,4.0,31,41
31375,210.0,4.0,23,31
28525,150.0,4.0,31,41
28810,150.0,4.0,31,41
24705,170.0,4.0,25,33
23605,170.0,4.0,24,33
25330,150.0,4.0,31,41
29775,210.0,4.0,24,30
24795,150.0,4.0,31,41
25995,210.0,4.0,23,31
27095,210.0,4.0,24,31
22450,170.0,4.0,25,34
19795,170.0,4.0,25,34
25975,170.0,4.0,25,34
21350,170.0,4.0,24,34
19595,170.0,4.0,25,34
31450,210.0,4.0,23,31
32550,210.0,4.0,24,31
23995,170.0,4.0,24,31
20475,170.0,4.0,24,33
19995,170.0,4.0,24,33
23995,170.0,4.0,24,31
21890,170.0,4.0,24,33
32550,210.0,4.0,23,29
25975,170.0,4.0,24,33
22450,170.0,4.0,24,33
2000,170.0,4.0,18,27
2000,120.0,4.0,22,31
2000,120.0,4.0,21,33
2000,160.0,6.0,18,27
2000,120.0,4.0,22,33
2000,155.0,6.0,18,27
39030,320.0,8.0,15,21
41675,320.0,8.0,15,21
44580,320.0,8.0,15,21
38625,320.0,8.0,15,21
47885,320.0,8.0,15,21
35980,320.0,8.0,15,21
51785,300.0,8.0,11,15
20745,190.0,6.0,14,20
23745,190.0,6.0,13,18
24695,190.0,6.0,15,21
26695,190.0,6.0,13,17
22845,190.0,6.0,14,20
25230,190.0,6.0,14,19
27230,190.0,6.0,13,17
24055,190.0,6.0,13,18
23255,190.0,6.0,14,19
21055,190.0,6.0,14,19
24305,190.0,6.0,13,17
21305,190.0,6.0,14,20
25480,190.0,6.0,15,20
27480,190.0,6.0,14,18
40905,200.0,6.0,128,110
36620,200.0,6.0,128,110
26695,205.0,6.0,17,27
29670,205.0,6.0,17,27
34020,240.0,6.0,16,25
27185,205.0,6.0,18,27
35270,275.0,8.0,15,22
30035,205.0,6.0,18,27
35585,275.0,8.0,15,22
30350,205.0,6.0,18,27
27965,205.0,6.0,18,27
30995,337.0,8.0,15,22
27995,276.0,6.0,17,21
29995,276.0,6.0,16,21
26245,276.0,6.0,17,21
39995,337.0,8.0,15,20
37995,337.0,8.0,15,22
32995,337.0,8.0,15,20
30995,337.0,8.0,15,20
28295,276.0,6.0,16,21
62100,315.0,6.0,20,28
50400,265.0,6.0,20,30
73500,330.0,6.0,19,26
63300,315.0,6.0,20,28
51400,265.0,6.0,20,30
74600,330.0,6.0,19,26
63900,315.0,6.0,20,28
52100,265.0,6.0,20,30
34745,270.0,6.0,14,19
32215,270.0,6.0,14,20
32660,270.0,6.0,14,20
33395,275.0,6.0,14,20
35345,275.0,6.0,13,19
33920,275.0,6.0,14,19
35870,275.0,6.0,14,19
2000,132.0,4.0,23,33
2000,132.0,4.0,23,33
2000,132.0,4.0,23,34
2000,140.0,6.0,16,20
2000,140.0,6.0,15,20
2308,185.0,8.0,12,16
2585,185.0,8.0,12,17
2396,185.0,8.0,12,16
2620,205.0,8.0,12,16
2872,205.0,8.0,12,17
2474,205.0,8.0,12,16
2774,199.0,8.0,13,16
2996,199.0,8.0,13,16
3248,199.0,8.0,11,16
340990,530.0,8.0,10,14
340990,530.0,8.0,9,15
2000,140.0,8.0,15,22
2000,170.0,8.0,15,23
2000,170.0,8.0,15,23
29490,200.0,4.0,22,30
28795,200.0,4.0,25,34
25695,200.0,4.0,22,30
27695,200.0,4.0,22,30
27395,200.0,4.0,22,30
27690,200.0,4.0,22,30
28495,200.0,4.0,25,34
25395,200.0,4.0,22,30
28745,200.0,4.0,24,33
29695,205.0,4.0,21,29
25495,205.0,4.0,21,29
27645,205.0,4.0,21,29
40400,241.0,4.0,24,31
46050,302.0,6.0,19,27
42575,241.0,4.0,19,27
62950,451.0,8.0,13,19
38400,241.0,4.0,25,34
44050,302.0,6.0,20,28
41050,241.0,4.0,24,31
48590,329.0,6.0,21,29
39050,241.0,4.0,25,34
71900,503.0,8.0,18,25
40575,241.0,4.0,25,34
63900,469.0,8.0,18,25
39400,201.0,4.0,22,31
43125,241.0,4.0,24,31
50800,362.0,6.0,21,29
41125,241.0,4.0,25,34
41275,241.0,4.0,24,31
73250,503.0,8.0,18,25
65250,469.0,8.0,18,25
38950,241.0,4.0,25,34
39275,241.0,4.0,25,34
40950,241.0,4.0,24,31
39850,241.0,4.0,24,34
39500,241.0,4.0,24,34
52000,362.0,6.0,21,29
72800,503.0,8.0,18,24
67000,469.0,8.0,17,23
41675,241.0,4.0,24,34
44650,241.0,4.0,24,31
42650,241.0,4.0,23,30
43675,241.0,4.0,24,31
65200,469.0,8.0,18,24
41500,241.0,4.0,24,31
41850,241.0,4.0,24,31
75000,503.0,8.0,17,23
52900,241.0,4.0,22,29
50900,241.0,4.0,23,31
27170,188.0,4.0,42,37
24170,188.0,4.0,42,37
24170,188.0,4.0,42,37
27170,188.0,4.0,42,37
24120,188.0,4.0,42,37
27120,188.0,4.0,42,37
24700,227.0,5.0,21,29
27100,227.0,5.0,21,29
27450,227.0,5.0,21,29
24950,227.0,5.0,21,29
25500,227.0,5.0,21,29
27850,227.0,5.0,21,29
3555,268.0,6.0,16,20
3996,276.0,6.0,16,20
4330,276.0,6.0,16,22
4472,302.0,8.0,16,21
4661,302.0,8.0,16,21
5739,302.0,8.0,16,21
39950,227.0,5.0,19,28
40450,227.0,5.0,18,28
41200,227.0,5.0,19,28
209990,400.0,8.0,13,18
219990,400.0,8.0,13,18
2631,172.0,6.0,17,22
2837,172.0,6.0,17,22
3137,172.0,6.0,17,22
2000,94.0,4.0,22,29
2000,94.0,4.0,22,29
2000,94.0,4.0,21,27
2473,115.0,4.0,21,28
2568,115.0,4.0,21,28
19600,115.0,4.0,21,28
23175,115.0,4.0,20,26
22300,115.0,4.0,21,28
20475,115.0,4.0,20,26
21475,115.0,4.0,20,26
20600,115.0,4.0,21,28
21475,115.0,4.0,20,27
23175,115.0,4.0,20,27
22300,115.0,4.0,21,28
20600,115.0,4.0,21,28
19600,115.0,4.0,21,28
20475,115.0,4.0,20,27
34900,293.0,6.0,19,28
43800,293.0,6.0,19,28
44090,293.0,6.0,19,28
35990,293.0,6.0,19,28
32990,293.0,6.0,19,28
38990,290.0,6.0,20,28
31990,290.0,6.0,20,28
44390,290.0,6.0,20,28
18740,158.0,4.0,23,31
20555,172.0,4.0,23,29
16880,158.0,4.0,23,31
19995,158.0,4.0,23,27
18060,158.0,4.0,23,27
16975,158.0,4.0,23,31
17995,158.0,4.0,23,31
19995,172.0,4.0,23,29
18620,158.0,4.0,23,27
20585,158.0,4.0,23,27
17380,158.0,4.0,24,32
20585,172.0,4.0,23,29
18585,158.0,4.0,24,32
18730,158.0,4.0,24,32
17380,158.0,4.0,24,32
18765,158.0,4.0,23,27
198973,553.0,8.0,16,23
195840,453.0,8.0,13,19
198190,483.0,8.0,13,19
198190,483.0,8.0,13,19
29205,323.0,6.0,17,28
31205,323.0,6.0,17,28
55505,580.0,8.0,14,19
42405,426.0,8.0,16,24
39505,426.0,8.0,16,24
33505,426.0,8.0,16,24
37305,426.0,8.0,16,24
26005,323.0,6.0,17,28
35105,323.0,6.0,17,28
72305,505.0,8.0,13,19
23705,323.0,6.0,17,28
25145,323.0,6.0,19,30
60705,580.0,8.0,14,19
48300,455.0,8.0,16,25
36800,275.0,4.0,21,30
41300,455.0,8.0,16,25
32700,275.0,4.0,21,30
25700,275.0,4.0,21,30
29800,275.0,4.0,21,30
43300,455.0,8.0,16,25
36300,455.0,8.0,16,25
42905,455.0,8.0,16,25
47905,455.0,8.0,16,25
35605,275.0,4.0,20,30
32600,275.0,4.0,22,31
41905,455.0,8.0,16,25
36905,455.0,8.0,16,25
30405,275.0,4.0,20,30
26600,275.0,4.0,22,31
25905,275.0,4.0,20,30
61140,650.0,8.0,14,20
31905,275.0,4.0,20,30
67140,650.0,8.0,14,20
29980,200.0,4.0,40,38
27995,200.0,4.0,40,38
26790,200.0,4.0,43,39
30140,200.0,4.0,40,38
27995,200.0,4.0,40,38
26790,200.0,4.0,43,39
26790,200.0,4.0,42,38
27995,200.0,4.0,40,37
30140,200.0,4.0,40,37
21855,157.0,4.0,20,30
26940,225.0,6.0,18,26
23355,225.0,6.0,18,27
30210,225.0,6.0,18,26
21025,157.0,4.0,21,30
21860,225.0,6.0,18,27
20360,157.0,4.0,20,30
19530,157.0,4.0,21,30
26405,225.0,6.0,18,27
23405,157.0,4.0,20,30
19930,155.0,4.0,21,31
29460,210.0,6.0,18,26
27190,210.0,6.0,18,26
20760,155.0,4.0,22,31
23030,155.0,4.0,22,31
24530,210.0,6.0,18,27
23905,155.0,4.0,22,31
26905,210.0,6.0,18,27
30460,210.0,6.0,18,26
22260,210.0,6.0,18,27
22200,155.0,4.0,21,31
27440,210.0,6.0,18,26
24155,155.0,4.0,22,31
22450,155.0,4.0,21,31
27155,210.0,6.0,18,27
22510,210.0,6.0,18,27
30710,210.0,6.0,18,26
21010,155.0,4.0,22,31
24780,210.0,6.0,18,27
23280,155.0,4.0,22,31
29710,210.0,6.0,18,26
20180,155.0,4.0,21,31
26150,178.0,4.0,25,35
31370,268.0,6.0,21,31
31370,268.0,6.0,21,31
22970,178.0,4.0,25,35
23840,178.0,4.0,25,35
26310,178.0,4.0,25,35
23840,178.0,4.0,25,35
25715,178.0,4.0,25,35
23070,178.0,4.0,25,35
31370,268.0,6.0,21,31
31370,268.0,6.0,21,31
23070,178.0,4.0,24,33
23840,178.0,4.0,24,33
26310,178.0,4.0,24,33
31370,268.0,6.0,21,30
31370,268.0,6.0,21,30
24685,185.0,4.0,18,25
22385,185.0,4.0,17,23
23040,185.0,4.0,18,25
31790,242.0,5.0,16,21
28610,242.0,5.0,16,21
20840,185.0,4.0,18,25
17490,185.0,4.0,18,25
29145,242.0,5.0,17,23
29125,242.0,5.0,16,21
20455,185.0,4.0,18,25
24435,185.0,4.0,17,23
25305,242.0,5.0,17,23
26485,185.0,4.0,17,23
26470,242.0,5.0,17,23
29730,200.0,4.0,20,27
27935,200.0,4.0,19,25
37250,305.0,6.0,17,24
22650,200.0,4.0,19,26
26595,200.0,4.0,20,27
20995,200.0,4.0,19,26
26725,305.0,6.0,18,26
25205,200.0,4.0,20,27
31650,200.0,4.0,20,27
33855,200.0,4.0,19,25
36950,305.0,6.0,17,24
28535,200.0,4.0,20,27
34310,305.0,6.0,17,24
33420,305.0,6.0,18,26
31145,200.0,4.0,19,25
30055,305.0,6.0,18,26
34010,305.0,6.0,17,24
34280,305.0,6.0,18,26
35020,305.0,6.0,17,24
38110,305.0,6.0,17,24
37810,305.0,6.0,17,24
35665,305.0,6.0,17,24
31540,305.0,6.0,18,26
20955,200.0,4.0,19,26
28595,200.0,4.0,19,25
27385,305.0,6.0,18,26
29245,200.0,4.0,20,27
25865,200.0,4.0,20,27
23310,200.0,4.0,19,26
30765,305.0,6.0,18,26
31855,200.0,4.0,19,25
33460,305.0,6.0,18,26
34720,305.0,6.0,17,24
27305,200.0,4.0,20,27
2000,260.0,8.0,15,23
2000,200.0,8.0,16,24
2000,200.0,8.0,16,24
2000,260.0,8.0,15,23
2000,260.0,8.0,15,24
2000,200.0,8.0,16,24
24155,180.0,4.0,20,28
29615,180.0,4.0,20,28
25770,180.0,4.0,20,28
24940,180.0,4.0,20,28
25145,180.0,4.0,20,28
24360,180.0,4.0,20,28
25975,180.0,4.0,20,28
29495,180.0,4.0,20,28
25985,180.0,4.0,20,28
29505,180.0,4.0,20,28
25155,180.0,4.0,20,28
24370,180.0,4.0,20,28
18380,150.0,4.0,17,24
19835,180.0,6.0,17,24
22225,180.0,6.0,17,24
20130,180.0,6.0,17,24
18630,150.0,4.0,17,24
22520,180.0,6.0,17,24
22995,170.0,6.0,17,24
20555,170.0,6.0,17,24
19055,150.0,4.0,17,24
440000,605.0,10.0,9,15
440000,605.0,10.0,9,15
33065,200.0,4.0,20,27
36065,200.0,4.0,20,27
36065,200.0,4.0,20,27
33065,200.0,4.0,20,27
37065,200.0,4.0,20,27
2066,200.0,6.0,16,23
2103,200.0,6.0,16,23
2241,200.0,6.0,16,23
31305,200.0,6.0,16,22
14230,140.0,4.0,22,30
14030,140.0,4.0,22,30
15730,140.0,4.0,22,30
17030,140.0,4.0,22,30
16830,140.0,4.0,22,30
15530,140.0,4.0,22,30
17410,140.0,4.0,23,33
16105,140.0,4.0,23,33
14435,140.0,4.0,23,33
15905,140.0,4.0,23,33
14235,140.0,4.0,23,33
17610,140.0,4.0,23,33
10135,140.0,4.0,23,33
16290,140.0,4.0,23,33
14610,140.0,4.0,23,33
16090,140.0,4.0,23,33
17510,140.0,4.0,23,33
17710,140.0,4.0,23,33
14410,140.0,4.0,23,33
10325,140.0,4.0,23,33
74100,420.0,6.0,17,24
113600,520.0,8.0,14,21
61700,240.0,6.0,20,29
95500,440.0,6.0,16,23
74800,420.0,6.0,17,24
114700,520.0,8.0,14,21
58300,300.0,6.0,19,24
157300,570.0,8.0,14,21
62300,240.0,6.0,20,29
116500,520.0,8.0,14,21
59600,300.0,6.0,18,24
97200,440.0,6.0,16,23
159600,570.0,8.0,14,21
76200,420.0,6.0,17,24
58900,295.0,6.0,18,26
52600,275.0,6.0,20,30
63800,325.0,6.0,20,28
63800,325.0,6.0,20,28
75200,340.0,6.0,19,26
52600,275.0,6.0,20,30
64100,325.0,6.0,20,28
75200,340.0,6.0,19,26
52600,275.0,6.0,20,30
34275,200.0,4.0,21,32
34095,200.0,4.0,22,31
32995,200.0,4.0,21,32
43575,280.0,6.0,17,25
38085,200.0,4.0,22,31
35375,200.0,4.0,22,31
32670,200.0,4.0,22,31
34655,200.0,4.0,21,32
35755,200.0,4.0,22,31
37820,200.0,4.0,22,31
44355,280.0,6.0,17,25
34475,200.0,4.0,22,31
31570,200.0,4.0,21,32
37820,200.0,4.0,22,31
34475,200.0,4.0,22,31
2000,135.0,6.0,17,27
2000,110.0,4.0,20,29
18140,140.0,4.0,25,33
22005,180.0,4.0,20,29
22705,180.0,4.0,20,27
17340,140.0,4.0,23,30
19535,140.0,4.0,23,30
22935,180.0,4.0,22,28
24810,180.0,4.0,22,28
22235,180.0,4.0,21,30
18370,140.0,4.0,25,33
17570,140.0,4.0,23,30
20335,140.0,4.0,25,33
24110,180.0,4.0,21,30
17670,140.0,4.0,23,30
22335,180.0,4.0,21,30
23035,180.0,4.0,22,28
18470,140.0,4.0,25,33
21235,175.0,6.0,18,26
21815,175.0,6.0,18,27
22040,175.0,6.0,18,27
31995,375.0,8.0,15,23
42595,485.0,8.0,14,23
35795,375.0,8.0,15,23
37995,485.0,8.0,14,23
29995,305.0,6.0,19,30
38795,375.0,8.0,15,23
58295,707.0,8.0,13,22
45695,485.0,8.0,14,23
34995,375.0,8.0,15,23
26995,305.0,6.0,19,30
31995,375.0,8.0,15,23
49195,485.0,8.0,14,23
29995,305.0,6.0,19,30
37995,485.0,8.0,14,23
34995,375.0,8.0,15,23
38995,375.0,8.0,15,23
26995,305.0,6.0,19,30
65945,707.0,8.0,13,21
42795,485.0,8.0,14,23
35995,375.0,8.0,15,23
35890,375.0,8.0,15,23
37995,485.0,8.0,14,23
49195,485.0,8.0,14,23
36890,375.0,8.0,15,23
62495,707.0,8.0,13,21
32890,375.0,8.0,15,23
26995,305.0,6.0,19,30
39890,375.0,8.0,15,23
42795,485.0,8.0,14,23
29995,305.0,6.0,19,30
43995,485.0,8.0,14,23
37390,375.0,8.0,15,23
40140,375.0,8.0,15,23
47995,485.0,8.0,15,25
39995,485.0,8.0,15,25
62295,707.0,8.0,13,22
33595,370.0,8.0,16,25
27995,292.0,6.0,19,31
36595,370.0,8.0,16,25
32995,292.0,6.0,18,27
30995,292.0,6.0,18,27
29995,292.0,6.0,19,31
27995,292.0,6.0,19,31
65945,707.0,8.0,13,22
29995,292.0,6.0,19,31
39995,485.0,8.0,15,25
50995,485.0,8.0,15,25
36895,370.0,8.0,16,25
31995,292.0,6.0,19,31
33895,370.0,8.0,16,25
30245,292.0,6.0,19,31
27995,292.0,6.0,19,30
34790,370.0,8.0,16,25
51145,485.0,8.0,15,25
65945,707.0,8.0,13,22
30245,292.0,6.0,18,27
29995,292.0,6.0,19,30
39890,370.0,8.0,16,25
44995,485.0,8.0,15,25
31995,292.0,6.0,18,27
39995,485.0,8.0,15,25
2000,195.0,6.0,14,17
2000,195.0,6.0,14,17
2000,200.0,6.0,14,17
2000,200.0,6.0,14,17
2050,200.0,6.0,13,18
2052,200.0,6.0,13,18
2116,200.0,6.0,13,18
2000,160.0,6.0,17,26
2000,120.0,4.0,21,29
2000,160.0,6.0,18,26
2107,168.0,6.0,17,25
2202,168.0,6.0,17,25
2373,168.0,6.0,16,24
23515,131.0,4.0,24,26
21955,131.0,4.0,24,26
23515,131.0,4.0,24,26
21955,131.0,4.0,24,26
22405,131.0,4.0,24,26
23515,131.0,4.0,24,26
2000,62.0,4.0,36,44
2000,108.0,4.0,24,30
2000,92.0,4.0,27,32
2000,108.0,4.0,24,30
2000,92.0,4.0,27,33
2000,62.0,4.0,36,44
2000,102.0,4.0,30,37
2000,125.0,4.0,25,32
2033,160.0,4.0,23,27
2000,106.0,4.0,29,35
2213,160.0,4.0,23,27
2108,125.0,4.0,26,33
2410,160.0,4.0,23,27
2142,106.0,4.0,28,35
2322,127.0,4.0,26,33
24340,143.0,4.0,30,39
20040,143.0,4.0,31,41
19990,143.0,4.0,30,39
24590,205.0,4.0,22,31
27435,110.0,4.0,44,47
23090,205.0,4.0,22,31
20390,143.0,4.0,28,36
22890,205.0,4.0,22,31
21190,143.0,4.0,30,39
25935,110.0,4.0,44,47
24390,205.0,4.0,22,31
22840,143.0,4.0,30,39
23290,205.0,4.0,22,31
26740,110.0,4.0,27,38
26235,110.0,4.0,44,47
24735,110.0,4.0,44,47
19290,143.0,4.0,30,39
21190,143.0,4.0,29,38
24140,143.0,4.0,29,38
18290,143.0,4.0,28,36
18490,143.0,4.0,28,36
24590,205.0,4.0,22,31
29390,110.0,4.0,27,38
22640,143.0,4.0,29,38
23090,205.0,4.0,22,31
19090,143.0,4.0,30,39
26125,174.0,4.0,31,41
23425,174.0,4.0,31,41
26500,174.0,4.0,31,42
22300,174.0,4.0,31,41
18640,158.0,4.0,27,40
22040,158.0,4.0,31,41
22200,174.0,4.0,31,42
21040,158.0,4.0,31,41
20850,158.0,4.0,30,41
24700,174.0,4.0,31,42
19050,158.0,4.0,26,38
19440,158.0,4.0,31,41
23700,174.0,4.0,31,42
23200,174.0,4.0,31,42
20440,158.0,4.0,31,41
19850,158.0,4.0,30,41
19700,174.0,4.0,30,39
21300,180.0,4.0,30,39
25300,174.0,4.0,31,40
22800,174.0,4.0,31,40
20500,174.0,4.0,31,40
22100,180.0,4.0,30,36
26600,174.0,4.0,32,42
26225,174.0,4.0,31,40
22300,174.0,4.0,32,42
23525,174.0,4.0,31,40
23800,174.0,4.0,32,42
21500,174.0,4.0,31,42
20540,158.0,4.0,31,40
18740,158.0,4.0,28,40
20950,158.0,4.0,30,39
22400,174.0,4.0,31,40
23300,174.0,4.0,32,42
24800,174.0,4.0,32,42
19540,158.0,4.0,31,40
21140,158.0,4.0,31,40
19150,158.0,4.0,28,39
22140,158.0,4.0,31,40
19950,158.0,4.0,30,39
21600,174.0,4.0,30,41
2949,200.0,6.0,14,18
2992,200.0,6.0,14,18
2529,200.0,6.0,15,20
2580,200.0,6.0,14,18
2668,230.0,8.0,14,19
2583,200.0,6.0,14,18
2637,200.0,6.0,15,20
2517,200.0,6.0,15,20
3046,230.0,8.0,11,17
2265,200.0,6.0,15,20
3046,200.0,6.0,14,18
2896,200.0,6.0,15,20
2891,230.0,8.0,14,19
2713,200.0,6.0,15,20
3120,230.0,8.0,11,17
2653,200.0,6.0,14,18
2541,200.0,6.0,14,18
2486,200.0,6.0,15,20
2268,200.0,6.0,15,20
2207,200.0,6.0,15,20
2925,200.0,6.0,14,18
2242,200.0,6.0,15,20
2554,200.0,6.0,15,20
3088,200.0,6.0,14,18
2749,200.0,6.0,14,18
3220,200.0,6.0,14,18
2996,200.0,6.0,14,18
2366,200.0,6.0,15,20
3265,200.0,6.0,14,19
3676,230.0,8.0,12,17
3427,200.0,6.0,14,19
3470,230.0,8.0,12,17
2898,200.0,6.0,16,21
2920,200.0,6.0,14,19
2580,200.0,6.0,16,21
3357,230.0,8.0,13,18
2996,200.0,6.0,16,21
2883,200.0,6.0,14,19
3094,200.0,6.0,16,21
2885,200.0,6.0,16,21
3419,230.0,8.0,12,17
2668,200.0,6.0,16,21
2789,200.0,6.0,14,19
3321,200.0,6.0,14,19
3342,230.0,8.0,13,18
3025,200.0,6.0,14,19
2653,200.0,6.0,16,21
2740,200.0,6.0,16,21
2639,200.0,6.0,16,21
3067,200.0,6.0,14,19
2817,200.0,6.0,16,21
3350,200.0,6.0,14,19
3282,200.0,6.0,14,19
2430,200.0,6.0,16,21
3696,230.0,8.0,13,17
4098,230.0,8.0,13,17
2949,230.0,8.0,13,17
3345,230.0,8.0,13,17
3034,230.0,8.0,13,17
2697,230.0,8.0,13,17
3360,255.0,8.0,12,18
3068,255.0,8.0,12,18
3090,255.0,8.0,12,18
2847,255.0,8.0,12,18
211000,621.0,12.0,12,18
158700,510.0,12.0,12,18
114100,429.0,8.0,15,24
151500,536.0,8.0,15,22
213200,621.0,12.0,12,18
153000,536.0,8.0,15,22
115300,429.0,8.0,15,24
160300,510.0,12.0,12,18
215500,621.0,12.0,12,18
116600,429.0,8.0,15,24
162000,510.0,12.0,12,18
154600,536.0,8.0,15,22
31500,208.0,4.0,26,38
33500,208.0,4.0,24,32
48500,355.0,4.0,23,31
32050,208.0,4.0,26,38
49500,375.0,4.0,23,31
34050,208.0,4.0,24,33
32400,208.0,4.0,26,38
34400,208.0,4.0,23,32
49950,375.0,4.0,23,30
29980,225.0,6.0,17,27
27980,225.0,6.0,17,27
28030,225.0,6.0,17,27
30030,225.0,6.0,17,27
32700,260.0,6.0,17,26
30550,260.0,6.0,17,27
30350,225.0,6.0,17,27
28200,225.0,6.0,17,27
30550,260.0,6.0,17,26
19505,140.0,4.0,22,31
19690,140.0,4.0,22,31
54200,268.0,6.0,17,25
89200,475.0,8.0,12,18
46200,268.0,6.0,17,25
62900,382.0,8.0,15,22
54900,382.0,8.0,15,22
46450,268.0,6.0,17,25
55150,382.0,8.0,15,22
135000,500.0,8.0,12,19
63200,382.0,8.0,15,21
89500,475.0,8.0,12,18
54500,268.0,6.0,17,25
56100,268.0,6.0,17,25
64800,382.0,8.0,15,21
56800,382.0,8.0,15,22
48100,268.0,6.0,17,25
73200,402.0,8.0,17,26
106550,577.0,8.0,16,22
65990,329.0,6.0,20,30
68490,329.0,6.0,20,28
75700,402.0,8.0,17,24
66900,329.0,6.0,20,30
69400,329.0,6.0,19,26
107800,577.0,8.0,16,22
76600,402.0,8.0,17,25
74100,402.0,8.0,17,26
74850,402.0,8.0,18,26
77350,402.0,8.0,17,25
108900,577.0,8.0,16,22
14410,148.0,4.0,24,33
15120,148.0,4.0,24,33
22335,260.0,4.0,22,30
14410,148.0,4.0,24,33
19695,173.0,4.0,22,32
15120,148.0,4.0,24,33
19695,173.0,4.0,22,32
16460,155.0,4.0,25,35
15660,155.0,4.0,25,35
23425,260.0,4.0,22,30
15660,155.0,4.0,25,35
23425,260.0,4.0,22,30
14990,155.0,4.0,25,37
14990,155.0,4.0,25,37
16460,155.0,4.0,25,35
15670,155.0,4.0,25,37
24535,260.0,4.0,22,30
14990,155.0,4.0,25,37
16470,155.0,4.0,25,37
14990,155.0,4.0,25,37
16470,155.0,4.0,25,37
15670,155.0,4.0,25,37
28340,300.0,8.0,14,20
29480,242.0,5.0,17,23
23030,185.0,4.0,18,24
20980,185.0,4.0,18,24
30320,242.0,5.0,16,21
26160,242.0,5.0,17,23
27490,242.0,5.0,17,23
22955,185.0,4.0,18,25
19730,185.0,4.0,18,25
24440,185.0,4.0,17,23
17475,185.0,4.0,18,25
24285,185.0,4.0,18,25
26620,185.0,4.0,17,23
20370,185.0,4.0,18,25
27010,300.0,8.0,14,20
28460,242.0,5.0,16,21
29220,200.0,4.0,19,25
29550,200.0,4.0,20,27
25850,305.0,6.0,18,26
28630,305.0,6.0,18,26
27110,200.0,4.0,20,27
24330,200.0,4.0,20,27
26885,200.0,4.0,19,25
30005,305.0,6.0,17,24
34415,305.0,6.0,17,24
21775,200.0,4.0,19,26
32085,305.0,6.0,17,24
30785,305.0,6.0,18,26
32385,305.0,6.0,17,24
34115,305.0,6.0,17,24
25170,200.0,4.0,20,27
20120,200.0,4.0,19,26
27630,200.0,4.0,20,27
29705,305.0,6.0,17,24
31555,200.0,4.0,19,25
30665,305.0,6.0,17,24
32895,305.0,6.0,17,24
35000,305.0,6.0,17,24
30365,305.0,6.0,17,24
28515,200.0,4.0,20,27
33195,305.0,6.0,17,24
30030,200.0,4.0,19,25
20100,200.0,4.0,19,26
32440,200.0,4.0,19,25
31670,305.0,6.0,18,26
26510,305.0,6.0,18,26
30435,200.0,4.0,20,27
27545,200.0,4.0,19,25
24990,200.0,4.0,20,27
35300,305.0,6.0,17,24
27920,200.0,4.0,20,27
22435,200.0,4.0,19,26
25980,200.0,4.0,20,27
29440,305.0,6.0,18,26
2000,92.0,4.0,27,33
2000,92.0,4.0,25,32
2000,92.0,4.0,28,36
2000,113.0,4.0,23,31
2000,92.0,4.0,28,36
2000,113.0,4.0,23,30
2000,92.0,4.0,28,35
2000,113.0,4.0,21,26
2000,92.0,4.0,25,32
2000,92.0,4.0,27,33
2000,113.0,4.0,19,24
2000,92.0,4.0,28,36
2000,113.0,4.0,19,24
2000,113.0,4.0,23,31
2000,92.0,4.0,28,36
2000,136.0,4.0,19,26
2000,113.0,4.0,21,26
2000,113.0,4.0,21,27
2000,136.0,4.0,19,25
2000,136.0,4.0,18,22
2000,92.0,4.0,28,35
2000,113.0,4.0,23,30
25520,234.0,6.0,16,24
22790,200.0,6.0,18,26
28415,250.0,6.0,16,24
23180,200.0,6.0,19,27
25910,234.0,6.0,17,25
28805,250.0,6.0,17,25
23480,200.0,6.0,19,27
26210,234.0,6.0,17,25
29105,250.0,6.0,17,25
206600,600.0,12.0,10,17
209600,600.0,12.0,10,17
209600,600.0,12.0,10,17
181200,552.0,12.0,11,18
184200,552.0,12.0,11,19
184200,552.0,12.0,11,19
238700,626.0,12.0,12,20
207700,600.0,12.0,10,17
217000,616.0,12.0,13,20
337000,572.0,8.0,13,23
177500,500.0,8.0,15,24
196500,521.0,8.0,15,24
198600,567.0,12.0,12,21
250100,626.0,12.0,12,20
227600,626.0,12.0,12,21
203500,567.0,12.0,12,21
219400,521.0,8.0,14,24
206300,500.0,8.0,14,24
187900,500.0,8.0,15,25
223600,567.0,12.0,12,20
199700,521.0,8.0,15,25
231800,521.0,8.0,14,24
198500,500.0,8.0,15,25
218400,500.0,8.0,14,24
239400,626.0,12.0,12,21
236100,582.0,12.0,12,20
214600,582.0,12.0,12,21
210700,521.0,8.0,15,25
263400,626.0,12.0,12,20
231400,600.0,12.0,10,17
236100,600.0,12.0,10,17
212800,567.0,12.0,11,19
212800,567.0,12.0,11,19
191400,500.0,8.0,14,24
195200,500.0,8.0,14,24
218500,567.0,12.0,12,20
216200,521.0,8.0,14,24
280400,621.0,12.0,12,19
280400,621.0,12.0,12,19
267000,621.0,12.0,12,19
267000,621.0,12.0,12,19
267000,621.0,12.0,12,19
299900,420.0,8.0,10,15
279900,400.0,8.0,10,15
309900,420.0,8.0,10,15
319900,420.0,8.0,10,15
328990,420.0,8.0,10,15
318990,420.0,8.0,10,15
39660,275.0,8.0,15,23
39895,275.0,8.0,15,23
38185,275.0,8.0,15,23
38790,275.0,8.0,15,23
39775,275.0,8.0,15,23
44560,305.0,6.0,17,26
46560,305.0,6.0,16,24
49515,305.0,6.0,16,24
55915,239.0,6.0,17,25
62915,239.0,6.0,18,27
53915,239.0,6.0,18,27
64915,239.0,6.0,17,25
47515,305.0,6.0,17,26
2655,195.0,6.0,17,26
2702,200.0,6.0,17,26
2937,200.0,6.0,18,27
2000,125.0,4.0,21,32
2000,125.0,4.0,21,31
2000,170.0,6.0,18,27
2079,125.0,4.0,21,31
359990,325.0,8.0,10,15
18750,137.0,4.0,27,35
19490,137.0,4.0,28,36
18965,140.0,4.0,30,42
18965,132.0,4.0,29,38
19665,140.0,4.0,30,40
19895,132.0,4.0,29,37
17550,132.0,4.0,27,36
16950,132.0,4.0,28,37
21495,132.0,4.0,28,37
22025,132.0,4.0,29,38
22955,132.0,4.0,29,37
19195,132.0,4.0,29,37
22725,140.0,4.0,30,40
18565,132.0,4.0,29,38
19135,140.0,4.0,30,42
19135,132.0,4.0,29,38
20065,132.0,4.0,29,37
17300,132.0,4.0,28,37
23125,132.0,4.0,29,37
21665,132.0,4.0,28,37
22195,132.0,4.0,29,38
19835,140.0,4.0,30,40
20635,132.0,4.0,29,37
22895,140.0,4.0,30,40
17900,132.0,4.0,27,36
18735,132.0,4.0,29,38
19365,132.0,4.0,29,37
22680,132.0,4.0,28,35
21300,140.0,4.0,30,40
18500,132.0,4.0,28,36
21665,132.0,4.0,27,35
19335,140.0,4.0,30,40
21900,132.0,4.0,28,35
21825,132.0,4.0,28,36
18935,132.0,4.0,28,36
20445,132.0,4.0,28,35
2000,158.0,4.0,18,26
2000,178.0,6.0,16,23
2000,178.0,6.0,16,23
2000,178.0,6.0,16,22
2000,120.0,4.0,22,28
2000,120.0,4.0,21,29
53000,455.0,8.0,17,29
57000,455.0,8.0,17,29
62000,455.0,8.0,17,29
58000,455.0,8.0,17,29
68160,460.0,8.0,17,29
64160,460.0,8.0,17,29
83000,650.0,8.0,15,22
63160,455.0,8.0,17,29
64000,460.0,8.0,17,29
55000,455.0,8.0,17,29
87650,650.0,8.0,15,22
73450,460.0,8.0,17,29
64450,455.0,8.0,17,29
69450,460.0,8.0,17,29
60000,460.0,8.0,17,29
59000,455.0,8.0,17,29
82270,650.0,8.0,15,22
86270,650.0,8.0,15,22
91650,650.0,8.0,15,22
79000,650.0,8.0,15,22
68450,455.0,8.0,17,29
59160,455.0,8.0,17,29
88345,650.0,8.0,15,22
79400,650.0,8.0,15,22
70145,460.0,8.0,17,29
65145,455.0,8.0,17,29
83400,650.0,8.0,15,22
82965,650.0,8.0,15,22
68855,460.0,8.0,17,29
59855,455.0,8.0,17,29
64400,460.0,8.0,17,29
74145,460.0,8.0,17,29
63855,455.0,8.0,17,29
86965,650.0,8.0,15,22
59400,455.0,8.0,17,29
92345,650.0,8.0,15,22
60400,460.0,8.0,17,29
64855,460.0,8.0,17,29
69145,455.0,8.0,17,29
55400,455.0,8.0,17,29
87015,650.0,8.0,15,22
59905,455.0,8.0,16,25
74195,460.0,8.0,16,25
65195,455.0,8.0,16,25
88395,650.0,8.0,15,22
59450,455.0,8.0,16,25
55450,455.0,8.0,16,25
70195,460.0,8.0,16,25
68905,460.0,8.0,16,25
65450,460.0,8.0,16,25
79450,650.0,8.0,15,22
69905,460.0,8.0,16,25
69195,455.0,8.0,16,25
63905,455.0,8.0,16,25
69450,460.0,8.0,16,25
60450,460.0,8.0,16,25
79195,460.0,8.0,16,25
92395,650.0,8.0,15,22
83450,650.0,8.0,15,22
83015,650.0,8.0,15,22
73905,460.0,8.0,16,25
64450,460.0,8.0,16,25
64905,460.0,8.0,16,25
75195,460.0,8.0,16,25
2000,164.0,5.0,16,22
2000,164.0,5.0,15,22
81013,390.0,8.0,10,15
85174,390.0,8.0,10,16
86877,385.0,8.0,11,16
82633,385.0,8.0,10,15
87577,390.0,8.0,11,18
79900,390.0,8.0,12,17
2000,188.0,4.0,17,20
26470,185.0,4.0,22,30
23120,185.0,4.0,23,31
30620,185.0,4.0,22,30
29370,185.0,4.0,23,31
24370,185.0,4.0,22,30
29120,185.0,4.0,22,30
29820,185.0,4.0,22,30
28570,185.0,4.0,23,31
25220,185.0,4.0,23,31
27870,185.0,4.0,23,31
32895,185.0,4.0,26,33
23445,185.0,4.0,27,34
30895,185.0,4.0,26,33
25545,185.0,4.0,27,34
29395,185.0,4.0,26,33
24695,185.0,4.0,26,33
26795,185.0,4.0,26,33
28145,185.0,4.0,27,34
31645,185.0,4.0,27,34
29645,185.0,4.0,27,34
27295,185.0,4.0,25,31
31245,185.0,4.0,25,31
32095,185.0,4.0,26,33
25845,185.0,4.0,25,31
28445,185.0,4.0,26,33
29945,185.0,4.0,26,33
25045,185.0,4.0,25,31
24545,185.0,4.0,26,33
25995,185.0,4.0,26,33
33395,185.0,4.0,25,31
23745,185.0,4.0,26,33
29745,185.0,4.0,25,31
20645,130.0,4.0,36,39
19995,130.0,4.0,31,38
23340,130.0,4.0,31,38
21840,130.0,4.0,31,38
22490,130.0,4.0,36,39
23990,130.0,4.0,36,39
21990,130.0,4.0,31,38
24140,130.0,4.0,36,39
23490,130.0,4.0,31,38
20145,130.0,4.0,31,38
20795,130.0,4.0,36,39
22640,130.0,4.0,36,39
22140,130.0,4.0,31,38
24440,130.0,4.0,31,38
22790,130.0,4.0,36,39
20295,130.0,4.0,31,38
25090,130.0,4.0,36,39
20945,130.0,4.0,36,39
2000,190.0,6.0,17,22
2000,190.0,6.0,17,22
2000,190.0,6.0,17,22
29145,215.0,6.0,15,23
38545,215.0,6.0,15,23
49470,330.0,6.0,15,22
34195,215.0,6.0,15,23
45170,330.0,6.0,15,22
34185,215.0,6.0,15,23
38955,215.0,6.0,15,23
34595,215.0,6.0,15,23
29510,215.0,6.0,15,23
34560,215.0,6.0,15,23
39130,215.0,6.0,15,23
34735,215.0,6.0,15,23
33540,278.0,6.0,20,30
37090,278.0,6.0,19,28
30890,278.0,6.0,20,30
33015,192.0,4.0,22,31
35640,278.0,6.0,20,30
27230,192.0,4.0,22,31
34990,278.0,6.0,19,28
30915,192.0,4.0,22,31
33690,278.0,6.0,20,30
33165,192.0,4.0,22,31
31065,192.0,4.0,22,31
27380,192.0,4.0,22,31
35790,278.0,6.0,20,30
35140,278.0,6.0,19,28
37240,278.0,6.0,19,28
31040,278.0,6.0,20,30
33315,192.0,4.0,22,31
37390,278.0,6.0,19,28
35940,278.0,6.0,20,30
31190,278.0,6.0,20,30
31215,192.0,4.0,22,31
35290,278.0,6.0,19,28
27530,192.0,4.0,22,31
33840,278.0,6.0,20,30
26395,160.0,4.0,30,34
22395,148.0,4.0,23,31
25095,148.0,4.0,26,34
23395,148.0,4.0,26,34
21595,148.0,4.0,23,31
29995,160.0,4.0,30,34
22495,148.0,4.0,23,30
23495,148.0,4.0,26,33
25195,148.0,4.0,26,33
21695,148.0,4.0,23,30
29205,224.0,8.0,16,24
29905,224.0,8.0,16,24
29905,239.0,8.0,16,24
20195,138.0,4.0,28,42
17845,138.0,4.0,25,36
24370,138.0,4.0,26,38
23370,138.0,4.0,26,38
19165,138.0,4.0,26,38
21470,138.0,4.0,26,39
16120,138.0,4.0,25,36
20195,138.0,4.0,26,38
18970,138.0,4.0,22,35
16170,138.0,4.0,25,36
23270,138.0,4.0,26,38
20095,138.0,4.0,28,42
17745,138.0,4.0,25,36
20095,138.0,4.0,26,38
24270,138.0,4.0,26,38
18870,138.0,4.0,22,35
19065,138.0,4.0,26,38
21370,138.0,4.0,26,39
25660,148.0,4.0,27,46
19120,153.0,4.0,30,42
18120,153.0,4.0,29,41
16620,153.0,4.0,29,41
21120,153.0,4.0,30,42
19820,153.0,4.0,29,41
23120,153.0,4.0,30,42
21920,153.0,4.0,29,38
21240,153.0,4.0,28,37
21450,153.0,4.0,30,40
16975,153.0,4.0,28,39
18525,153.0,4.0,28,39
23475,153.0,4.0,29,39
20150,153.0,4.0,28,39
19525,153.0,4.0,30,40
23945,153.0,4.0,28,37
32200,134.0,4.0,43,40
31250,134.0,4.0,43,40
31250,134.0,4.0,43,40
58395,265.0,4.0,22,31
67570,404.0,6.0,18,26
60395,335.0,6.0,18,27
55495,335.0,6.0,18,27
63570,335.0,6.0,18,27
53495,265.0,4.0,22,31
87465,404.0,6.0,18,26
83465,335.0,6.0,18,27
64395,404.0,6.0,18,26
64395,404.0,6.0,18,26
63595,335.0,6.0,18,27
87495,404.0,6.0,18,26
53495,265.0,4.0,22,30
60395,335.0,6.0,18,27
58395,265.0,4.0,22,30
67595,404.0,6.0,18,26
83495,335.0,6.0,18,27
55495,335.0,6.0,18,27
40615,318.0,6.0,18,27
48150,318.0,6.0,18,27
38715,318.0,6.0,18,27
43950,318.0,6.0,18,27
45850,318.0,6.0,18,27
50050,318.0,6.0,18,27
40805,318.0,6.0,18,27
43950,318.0,6.0,18,27
50050,318.0,6.0,18,27
45850,318.0,6.0,18,27
38905,318.0,6.0,18,27
48150,318.0,6.0,18,27
39495,318.0,6.0,18,27
49995,318.0,6.0,18,27
47995,318.0,6.0,18,27
45795,318.0,6.0,18,27
41495,318.0,6.0,18,27
43795,318.0,6.0,18,27
63215,556.0,8.0,14,19
63600,556.0,8.0,14,19
69900,556.0,8.0,14,19
63215,556.0,8.0,14,19
63215,556.0,8.0,14,19
63600,556.0,8.0,14,19
63600,556.0,8.0,14,19
83995,640.0,8.0,14,21
85995,640.0,8.0,14,21
39015,270.0,6.0,18,27
44190,318.0,6.0,18,26
40915,270.0,6.0,18,26
44050,270.0,6.0,18,26
51650,318.0,6.0,18,26
42150,270.0,6.0,18,27
49750,318.0,6.0,18,26
46090,318.0,6.0,18,26
44190,318.0,6.0,18,26
42150,270.0,6.0,18,26
41105,270.0,6.0,18,26
49750,318.0,6.0,18,26
46090,318.0,6.0,18,26
39205,270.0,6.0,18,26
51650,318.0,6.0,18,26
44050,270.0,6.0,18,26
49795,318.0,6.0,18,26
44095,270.0,6.0,18,26
42195,270.0,6.0,18,26
46095,318.0,6.0,18,26
44195,318.0,6.0,18,26
51695,318.0,6.0,18,26
54970,321.0,6.0,18,26
51270,272.0,4.0,20,30
53270,272.0,4.0,19,28
62070,272.0,4.0,19,28
63770,321.0,6.0,18,26
61770,321.0,6.0,18,29
69340,420.0,6.0,16,24
47345,272.0,4.0,19,28
59370,321.0,6.0,18,26
45345,272.0,4.0,20,30
55670,272.0,4.0,20,30
57670,272.0,4.0,19,28
60070,272.0,4.0,20,30
52970,321.0,6.0,18,29
57370,321.0,6.0,18,29
59340,420.0,6.0,16,24
58285,335.0,6.0,20,30
45560,268.0,4.0,21,31
60685,268.0,4.0,21,31
59955,420.0,6.0,16,24
51285,268.0,4.0,21,31
69955,420.0,6.0,16,24
53285,268.0,4.0,21,29
60285,335.0,6.0,19,28
53285,335.0,6.0,20,30
62685,335.0,6.0,20,30
58285,268.0,4.0,21,29
64685,335.0,6.0,19,28
62685,268.0,4.0,21,29
56285,268.0,4.0,21,31
55285,335.0,6.0,19,28
47560,268.0,4.0,21,29
61195,335.0,6.0,19,27
51695,268.0,4.0,22,30
70795,420.0,6.0,16,24
47995,268.0,4.0,21,29
55695,335.0,6.0,19,27
59195,335.0,6.0,20,30
53695,335.0,6.0,20,30
53695,268.0,4.0,21,29
60695,420.0,6.0,16,24
45995,268.0,4.0,22,30
14980,122.0,4.0,25,30
18680,122.0,4.0,27,31
16580,122.0,4.0,25,30
17580,122.0,4.0,27,31
16760,122.0,4.0,25,30
18860,122.0,4.0,27,31
17760,122.0,4.0,27,31
19000,122.0,4.0,27,31
16900,122.0,4.0,25,30
17900,122.0,4.0,27,31
2000,140.0,8.0,15,22
2000,170.0,8.0,15,23
2000,170.0,8.0,15,23
2000,110.0,4.0,19,30
2000,160.0,4.0,20,28
2000,180.0,4.0,19,29
2000,110.0,4.0,19,30
2000,180.0,4.0,19,29
2000,160.0,4.0,20,28
2000,110.0,4.0,19,31
2000,110.0,4.0,19,31
2000,160.0,4.0,21,30
2000,160.0,4.0,21,30
2000,180.0,4.0,21,30
2000,180.0,4.0,21,30
2000,160.0,6.0,17,24
2000,160.0,6.0,17,27
2000,110.0,4.0,19,28
2000,110.0,4.0,19,28
2000,160.0,4.0,21,28
2000,160.0,6.0,18,26
2000,160.0,4.0,18,26
2000,160.0,6.0,17,24
2000,120.0,4.0,22,28
2000,120.0,6.0,17,26
2000,160.0,6.0,17,26
2000,160.0,6.0,17,26
2000,160.0,6.0,17,26
2000,160.0,6.0,17,26
2000,160.0,6.0,18,26
2000,160.0,6.0,18,26
2000,160.0,6.0,18,26
2000,160.0,6.0,18,26
2000,155.0,6.0,18,26
2000,155.0,6.0,17,27
2079,155.0,6.0,17,27
2045,150.0,6.0,17,26
2148,150.0,6.0,17,26
19960,146.0,4.0,29,35
21960,146.0,4.0,29,35
26240,146.0,4.0,27,32
23210,146.0,4.0,27,32
21210,146.0,4.0,27,32
24990,146.0,4.0,29,35
24990,146.0,4.0,29,34
19960,146.0,4.0,29,34
21960,146.0,4.0,29,34
23210,146.0,4.0,27,32
26240,146.0,4.0,27,32
21210,146.0,4.0,27,32
22795,155.0,4.0,26,32
24045,155.0,4.0,25,31
24815,184.0,4.0,25,32
26065,184.0,4.0,24,30
29070,184.0,4.0,24,30
21395,155.0,4.0,26,35
27820,184.0,4.0,25,32
27970,184.0,4.0,25,32
29220,184.0,4.0,24,30
26215,184.0,4.0,24,30
21545,155.0,4.0,26,35
24965,184.0,4.0,25,32
22945,155.0,4.0,26,32
24195,155.0,4.0,25,31
24395,184.0,4.0,24,30
21795,155.0,4.0,26,35
26465,184.0,4.0,24,30
24445,184.0,4.0,24,30
23195,184.0,4.0,26,33
24895,184.0,4.0,24,30
29870,184.0,4.0,24,30
28570,184.0,4.0,26,33
29470,184.0,4.0,24,30
25215,184.0,4.0,26,33
23595,184.0,4.0,26,33
28220,184.0,4.0,26,33
26515,184.0,4.0,24,30
25950,244.0,4.0,18,25
27650,244.0,4.0,17,23
31335,244.0,4.0,18,25
33035,244.0,4.0,17,23
21700,161.0,4.0,20,28
22490,161.0,4.0,20,28
33340,244.0,4.0,17,21
31640,244.0,4.0,18,24
21990,161.0,4.0,20,28
27955,244.0,4.0,17,21
22795,161.0,4.0,20,28
26390,161.0,4.0,20,28
26255,244.0,4.0,18,24
26455,244.0,4.0,18,24
31840,244.0,4.0,18,24
26590,161.0,4.0,20,27
22995,161.0,4.0,20,27
28155,244.0,4.0,17,21
33540,244.0,4.0,17,21
22190,161.0,4.0,20,27
31575,273.0,6.0,16,22
29985,273.0,6.0,17,24
32480,273.0,6.0,17,24
36625,273.0,6.0,16,22
35035,273.0,6.0,17,24
34070,273.0,6.0,16,22
35035,273.0,6.0,17,24
36625,273.0,6.0,16,22
31575,273.0,6.0,16,22
34070,273.0,6.0,16,22
32480,273.0,6.0,17,24
29985,273.0,6.0,17,24
35970,227.0,4.0,22,28
33320,227.0,4.0,21,27
41970,227.0,4.0,21,27
40170,227.0,4.0,22,28
31520,227.0,4.0,22,28
44015,227.0,4.0,21,27
37770,227.0,4.0,21,27
26170,210.0,6.0,15,20
27780,302.0,8.0,14,19
22030,210.0,6.0,15,20
27625,210.0,6.0,14,18
25245,210.0,6.0,15,19
26280,210.0,6.0,14,18
24720,210.0,6.0,15,19
30155,210.0,6.0,14,18
30780,210.0,6.0,14,18
23640,210.0,6.0,16,20
25395,210.0,6.0,16,20
28580,210.0,6.0,15,19
26590,210.0,6.0,15,19
24010,210.0,6.0,15,20
30510,210.0,6.0,14,18
26120,210.0,6.0,15,19
26920,210.0,6.0,15,20
26540,210.0,6.0,15,20
32135,302.0,8.0,14,18
27935,210.0,6.0,15,19
22505,210.0,6.0,16,20
24985,210.0,6.0,16,20
26935,210.0,6.0,15,20
30760,302.0,8.0,14,19
28520,302.0,8.0,14,19
29095,210.0,6.0,14,18
20470,210.0,6.0,16,20
20995,210.0,6.0,16,20
28630,210.0,6.0,15,20
31630,210.0,6.0,14,18
23710,210.0,6.0,15,20
25260,210.0,6.0,16,20
29355,210.0,6.0,14,18
31045,210.0,6.0,14,18
27960,210.0,6.0,14,18
30155,210.0,6.0,14,18
28210,210.0,6.0,15,19
26405,210.0,6.0,15,20
29985,210.0,6.0,14,18
26810,210.0,6.0,14,18
27315,210.0,6.0,15,20
22560,210.0,6.0,15,20
26325,210.0,6.0,15,20
27880,210.0,6.0,14,18
25305,210.0,6.0,15,20
28255,210.0,6.0,14,18
23630,210.0,6.0,15,20
27005,210.0,6.0,14,18
29275,210.0,6.0,14,18
22755,210.0,6.0,15,20
33180,210.0,6.0,14,18
31365,302.0,8.0,14,19
30180,210.0,6.0,15,20
16495,160.0,4.0,25,36
18595,184.0,4.0,22,35
22995,184.0,4.0,23,35
19995,160.0,4.0,28,41
20995,184.0,4.0,23,33
21645,184.0,4.0,23,33
19000,184.0,4.0,22,35
20495,160.0,4.0,28,41
23795,184.0,4.0,23,35
16495,160.0,4.0,25,36
19495,160.0,4.0,27,39
18995,160.0,4.0,25,36
19395,184.0,4.0,22,35
17995,160.0,4.0,25,36
24395,184.0,4.0,23,35
19595,160.0,4.0,25,36
16995,160.0,4.0,25,36
21095,160.0,4.0,27,39
22095,184.0,4.0,22,35
20995,184.0,4.0,22,35
21595,184.0,4.0,22,35
335000,563.0,12.0,12,19
2000,152.0,4.0,18,24
2000,152.0,4.0,18,24
2000,100.0,4.0,21,31
2000,141.0,6.0,17,25
2000,224.0,4.0,17,24
2000,141.0,6.0,17,26
2000,100.0,4.0,20,29
2000,100.0,4.0,22,29
2000,141.0,6.0,17,25
2000,224.0,4.0,17,24
156300,420.0,12.0,11,18
151800,420.0,12.0,10,17
156300,435.0,12.0,9,15
141800,420.0,12.0,10,17
235307,540.0,12.0,13,19
213250,540.0,12.0,13,19
198250,540.0,12.0,13,19
198700,510.0,12.0,13,19
183700,510.0,12.0,13,19
200800,510.0,12.0,13,19
185800,510.0,12.0,13,19
198295,510.0,12.0,13,19
188295,510.0,12.0,13,19
203295,510.0,12.0,13,19
213295,510.0,12.0,13,19
283900,510.0,12.0,12,18
279500,510.0,12.0,11,17
270400,510.0,12.0,12,18
266000,510.0,12.0,11,17
282295,510.0,12.0,11,17
268660,510.0,12.0,11,17
273104,510.0,12.0,12,18
286739,510.0,12.0,12,18
295987,510.0,12.0,11,17
275861,510.0,12.0,12,18
284576,510.0,12.0,11,17
296387,510.0,12.0,12,18
290461,510.0,12.0,11,17
284976,510.0,12.0,12,18
290861,510.0,12.0,12,18
275461,510.0,12.0,11,17
27736,182.0,8.0,12,15
30709,182.0,8.0,12,15
36931,182.0,8.0,12,14
39669,182.0,8.0,12,14
49150,275.0,8.0,16,25
49150,300.0,8.0,16,25
44400,275.0,8.0,16,25
50750,300.0,8.0,16,24
50750,275.0,8.0,16,24
45600,275.0,8.0,16,24
51600,275.0,8.0,15,22
46430,275.0,8.0,15,22
46045,275.0,8.0,15,22
51600,290.0,8.0,16,24
294900,550.0,12.0,9,12
28447,205.0,6.0,16,23
26997,210.0,6.0,16,23
25687,205.0,6.0,16,23
25997,205.0,6.0,16,23
28447,205.0,6.0,16,23
27097,210.0,6.0,16,23
24999,205.0,6.0,15,23
26819,210.0,6.0,15,23
27619,205.0,6.0,15,23
2561,188.0,8.0,12,16
36350,188.0,8.0,12,16
33350,188.0,8.0,12,16
34350,188.0,8.0,12,16
33350,188.0,8.0,12,16
37150,188.0,8.0,12,16
37070,240.0,4.0,20,26
45570,240.0,4.0,20,26
41570,240.0,4.0,20,26
41955,240.0,4.0,20,26
45955,240.0,4.0,20,26
37455,240.0,4.0,20,26
46595,240.0,4.0,20,25
42195,240.0,4.0,20,25
37695,240.0,4.0,20,25
34350,217.0,8.0,11,14
40350,217.0,8.0,11,14
38350,217.0,8.0,11,14
38685,217.0,8.0,11,14
40685,217.0,8.0,11,14
34330,217.0,8.0,11,14
51460,275.0,8.0,15,23
46280,275.0,8.0,15,23
49730,275.0,8.0,15,23
54230,292.0,8.0,15,22
49230,275.0,8.0,15,23
47625,275.0,8.0,15,23
46280,275.0,8.0,15,23
51525,275.0,8.0,15,23
54425,275.0,8.0,15,23
59475,292.0,8.0,15,22
59875,292.0,8.0,15,23
51925,275.0,8.0,15,23
54825,275.0,8.0,15,23
46680,275.0,8.0,15,23
36895,290.0,6.0,18,25
42495,360.0,8.0,14,22
39495,290.0,6.0,17,24
40995,290.0,6.0,18,25
33095,290.0,6.0,17,24
43595,290.0,6.0,17,24
39995,360.0,8.0,14,23
30495,290.0,6.0,18,25
41995,360.0,8.0,14,22
39595,293.0,6.0,18,25
30495,293.0,6.0,19,27
43895,295.0,6.0,18,25
33095,293.0,6.0,18,25
44595,360.0,8.0,14,22
42390,295.0,6.0,19,27
36995,293.0,6.0,19,27
41295,295.0,6.0,19,27
44990,295.0,6.0,18,25
37495,295.0,6.0,19,26
42490,295.0,6.0,19,26
40095,295.0,6.0,18,25
42095,360.0,8.0,14,22
29995,295.0,6.0,19,26
44695,360.0,8.0,14,22
41395,295.0,6.0,19,26
43995,295.0,6.0,18,25
45090,295.0,6.0,18,25
32595,295.0,6.0,18,25
2000,100.0,4.0,18,24
2000,141.0,6.0,18,24
2000,100.0,4.0,19,26
2000,141.0,6.0,18,24
2000,141.0,6.0,18,26
2000,100.0,4.0,18,24
2000,199.0,6.0,11,15
2000,145.0,6.0,12,14
2000,145.0,6.0,11,15
2000,200.0,6.0,12,17
2123,200.0,6.0,12,17
2074,200.0,6.0,12,17
2000,200.0,6.0,14,18
2301,200.0,6.0,12,17
2079,200.0,6.0,13,18
2256,200.0,6.0,12,17
2169,200.0,6.0,12,17
2000,199.0,6.0,11,13
2000,145.0,6.0,11,13
2000,200.0,6.0,12,17
2000,200.0,6.0,12,17
2080,235.0,6.0,13,17
2107,235.0,6.0,13,17
55850,329.0,6.0,20,28
93600,550.0,8.0,16,23
53350,329.0,6.0,20,29
57100,302.0,6.0,24,29
54800,302.0,6.0,20,28
59000,302.0,6.0,20,27
54300,195.0,4.0,27,38
67750,402.0,8.0,17,26
52300,302.0,6.0,20,29
100600,577.0,8.0,15,22
103200,577.0,8.0,15,21
64850,329.0,6.0,20,28
59400,402.0,8.0,18,26
61350,329.0,6.0,20,29
51800,195.0,4.0,28,42
62350,329.0,6.0,20,29
63100,329.0,6.0,20,29
59900,302.0,6.0,20,27
55150,195.0,4.0,27,38
53100,302.0,6.0,20,29
65600,329.0,6.0,20,28
101700,577.0,8.0,15,22
55600,302.0,6.0,20,28
54200,329.0,6.0,20,29
60300,402.0,8.0,18,26
62250,329.0,6.0,20,29
68700,402.0,8.0,17,26
104300,577.0,8.0,15,21
52650,195.0,4.0,28,42
56700,329.0,6.0,20,28
62600,329.0,6.0,20,29
54650,241.0,4.0,22,29
57050,329.0,6.0,20,28
52150,241.0,4.0,22,30
54550,329.0,6.0,20,29
60650,402.0,8.0,18,26
69100,402.0,8.0,17,25
33450,115.0,6.0,126,105
35445,115.0,6.0,126,105
28995,115.0,6.0,126,105
35595,115.0,6.0,126,105
31460,255.0,8.0,12,16
26630,225.0,8.0,13,17
27630,225.0,8.0,13,17
28985,225.0,8.0,13,17
27840,225.0,8.0,13,17
30560,255.0,8.0,12,16
27325,225.0,8.0,13,17
31485,255.0,8.0,12,16
30145,225.0,8.0,13,17
28785,225.0,8.0,13,17
28540,225.0,8.0,13,17
32385,255.0,8.0,12,16
28600,225.0,8.0,13,16
32760,255.0,8.0,12,16
30060,225.0,8.0,13,16
31420,225.0,8.0,13,16
33660,255.0,8.0,12,16
29815,225.0,8.0,13,16
28760,225.0,8.0,13,16
34320,255.0,8.0,11,15
35620,255.0,8.0,11,15
34160,255.0,8.0,11,15
31200,225.0,8.0,13,16
31855,255.0,8.0,11,15
35245,255.0,8.0,11,15
36545,255.0,8.0,11,15
32785,255.0,8.0,11,15
35085,255.0,8.0,11,15
29455,225.0,8.0,13,16
31900,225.0,8.0,13,16
32675,225.0,8.0,13,16
37320,255.0,8.0,11,15
36020,255.0,8.0,11,15
35860,255.0,8.0,11,15
33560,255.0,8.0,11,15
30230,225.0,8.0,13,16
5878,349.0,8.0,15,21
6120,349.0,8.0,15,21
10775,108.0,4.0,30,38
11575,108.0,4.0,28,36
10245,108.0,4.0,30,38
11045,108.0,4.0,28,36
10885,108.0,4.0,30,38
11685,108.0,4.0,28,36
11155,108.0,4.0,28,36
10355,108.0,4.0,30,38
10985,108.0,4.0,30,38
11255,108.0,4.0,28,36
11785,108.0,4.0,28,36
10455,108.0,4.0,30,38
27799,162.0,4.0,19,26
32599,265.0,6.0,16,24
32599,265.0,6.0,16,24
27999,162.0,4.0,20,27
28299,162.0,4.0,20,27
32599,265.0,6.0,16,24
27999,162.0,4.0,20,27
24699,162.0,4.0,20,27
20699,162.0,4.0,20,28
29089,265.0,6.0,16,24
21699,162.0,4.0,20,27
28089,265.0,6.0,16,25
24699,162.0,4.0,20,28
19999,162.0,4.0,20,28
18999,162.0,4.0,20,28
29089,265.0,6.0,17,25
19499,162.0,4.0,20,28
20499,162.0,4.0,20,28
24699,162.0,4.0,20,28
29089,265.0,6.0,17,25
30095,245.0,4.0,20,28
33495,245.0,4.0,20,28
28100,245.0,4.0,20,30
31500,245.0,4.0,20,30
40095,315.0,6.0,17,24
38100,315.0,6.0,18,27
37595,245.0,4.0,20,28
35600,245.0,4.0,20,30
28700,245.0,4.0,20,30
30695,245.0,4.0,20,28
31790,245.0,4.0,20,30
37595,245.0,4.0,20,28
40900,315.0,6.0,17,24
33785,245.0,4.0,20,28
35600,245.0,4.0,20,30
28950,245.0,4.0,21,29
37595,245.0,4.0,20,27
40900,315.0,6.0,17,24
30945,245.0,4.0,20,27
33785,245.0,4.0,20,27
31790,245.0,4.0,20,29
35600,245.0,4.0,20,29
2000,170.0,6.0,17,26
2000,170.0,6.0,17,26
2000,205.0,6.0,17,26
2000,225.0,6.0,17,26
2000,205.0,6.0,17,26
2000,205.0,6.0,17,27
2098,205.0,6.0,17,27
2210,205.0,6.0,17,27
2107,205.0,6.0,17,27
2320,205.0,6.0,17,27
18595,145.0,4.0,27,37
18595,148.0,4.0,27,37
19895,148.0,4.0,28,38
20895,145.0,4.0,27,37
20895,148.0,4.0,27,37
17595,148.0,4.0,28,38
19600,166.0,4.0,24,34
19600,173.0,4.0,24,34
19800,173.0,4.0,24,33
18800,173.0,4.0,24,34
18800,173.0,4.0,24,33
19800,173.0,4.0,24,33
18800,173.0,4.0,24,32
19800,173.0,4.0,24,32
17195,138.0,4.0,23,30
19795,138.0,4.0,23,30
15995,138.0,4.0,23,31
18995,138.0,4.0,23,31
15995,138.0,4.0,23,31
19495,138.0,4.0,23,31
17195,138.0,4.0,23,30
20295,138.0,4.0,23,30
17195,138.0,4.0,23,30
15995,138.0,4.0,23,31
19495,138.0,4.0,23,31
20295,138.0,4.0,23,30
22600,173.0,4.0,24,35
21700,145.0,4.0,27,37
18250,145.0,4.0,28,38
17250,145.0,4.0,27,37
22600,166.0,4.0,24,35
21600,173.0,4.0,24,34
21250,173.0,4.0,24,35
18250,145.0,4.0,28,38
21250,166.0,4.0,24,35
21700,145.0,4.0,27,37
20250,173.0,4.0,24,34
17250,145.0,4.0,27,37
19700,145.0,4.0,28,38
18150,147.0,4.0,29,38
22350,147.0,4.0,28,37
20650,128.0,4.0,32,40
17150,147.0,4.0,26,36
22750,201.0,4.0,26,33
21650,201.0,4.0,22,30
20250,147.0,4.0,29,38
2905,275.0,8.0,15,25
3257,300.0,8.0,15,25
44011,300.0,8.0,15,25
40436,275.0,8.0,15,25
47660,300.0,8.0,16,25
45265,300.0,8.0,16,25
42130,275.0,8.0,16,25
2000,165.0,6.0,16,25
22785,166.0,4.0,18,23
25770,166.0,4.0,20,25
23270,166.0,4.0,18,23
23585,166.0,4.0,19,24
20275,166.0,4.0,20,25
24085,166.0,4.0,20,25
25285,166.0,4.0,19,24
21475,166.0,4.0,19,24
24070,166.0,4.0,20,25
22385,166.0,4.0,20,25
23885,166.0,4.0,19,24
22635,166.0,4.0,20,25
24335,166.0,4.0,20,25
25585,166.0,4.0,19,24
20525,166.0,4.0,20,25
21775,166.0,4.0,19,24
24320,166.0,4.0,20,25
24185,166.0,4.0,19,24
22075,166.0,4.0,19,24
20825,166.0,4.0,20,25
22935,166.0,4.0,20,25
43995,189.0,4.0,21,27
54990,218.0,4.0,20,26
47250,189.0,4.0,21,27
47250,189.0,4.0,21,27
54990,218.0,4.0,20,26
51845,189.0,4.0,21,27
54990,217.0,4.0,20,26
57950,217.0,4.0,20,26
49305,288.0,6.0,16,22
39050,288.0,6.0,17,24
43450,288.0,6.0,17,24
45450,288.0,6.0,16,22
47305,288.0,6.0,17,24
43660,288.0,6.0,15,22
49515,288.0,6.0,15,22
39065,288.0,6.0,15,22
47515,288.0,6.0,15,22
45660,288.0,6.0,15,22
39065,288.0,6.0,15,22
45765,288.0,6.0,15,22
47625,288.0,6.0,15,22
43765,288.0,6.0,15,22
49625,288.0,6.0,15,22
29450,138.0,4.0,23,30
27655,138.0,4.0,23,30
25565,138.0,4.0,23,30
29435,138.0,4.0,25,33
27950,138.0,4.0,25,33
24065,138.0,4.0,25,33
26155,138.0,4.0,25,33
30935,138.0,4.0,23,30
31285,138.0,4.0,23,30
25565,138.0,4.0,23,30
28300,138.0,4.0,25,33
29785,138.0,4.0,25,33
28850,153.0,4.0,26,32
24065,138.0,4.0,25,33
27350,153.0,4.0,28,34
29800,138.0,4.0,23,30
26355,138.0,4.0,25,33
27855,138.0,4.0,23,30
31965,138.0,4.0,24,30
26865,138.0,4.0,25,33
30565,138.0,4.0,24,30
25565,138.0,4.0,28,34
27065,138.0,4.0,26,31
28365,138.0,4.0,24,30
30465,138.0,4.0,25,33
24365,138.0,4.0,25,33
25865,138.0,4.0,24,30
29065,138.0,4.0,25,33
29099,225.0,6.0,15,19
27599,225.0,6.0,15,22
29999,225.0,6.0,15,21
31499,225.0,6.0,15,19
27999,225.0,6.0,15,21
28299,225.0,6.0,15,21
32099,225.0,6.0,15,21
33599,225.0,6.0,15,19
26395,242.0,6.0,16,23
28895,242.0,6.0,16,23
23895,242.0,6.0,16,23
29895,250.0,6.0,16,23
23995,250.0,6.0,16,23
42070,252.0,4.0,20,26
44710,252.0,4.0,20,26
39570,197.0,4.0,21,28
44960,252.0,4.0,20,26
35870,197.0,4.0,22,29
42320,252.0,4.0,20,26
37720,197.0,4.0,21,28
37720,197.0,4.0,22,29
33570,275.0,6.0,13,18
38120,275.0,6.0,13,18
31320,275.0,6.0,13,18
35870,275.0,6.0,13,18
33810,275.0,6.0,13,18
36060,275.0,6.0,12,17
38160,300.0,8.0,13,19
31945,275.0,6.0,12,17
40235,300.0,8.0,13,18
29695,275.0,6.0,13,18
33160,291.0,6.0,13,18
37600,300.0,8.0,13,18
29630,291.0,6.0,13,18
30910,291.0,6.0,14,19
35350,300.0,8.0,14,19
27380,291.0,6.0,14,19
36115,275.0,6.0,12,17
29780,275.0,6.0,13,18
33865,275.0,6.0,13,18
32030,275.0,6.0,12,17
32960,291.0,6.0,14,20
26760,291.0,6.0,14,20
30770,291.0,6.0,14,20
34990,302.0,8.0,14,20
28950,291.0,6.0,14,20
37190,302.0,8.0,13,19
34020,285.0,6.0,14,20
27980,285.0,6.0,14,20
37105,300.0,8.0,13,19
34970,300.0,8.0,14,20
30115,285.0,6.0,14,20
31885,285.0,6.0,14,20
35615,285.0,6.0,14,20
36535,300.0,8.0,15,21
30625,285.0,6.0,14,20
32760,285.0,6.0,14,20
38670,300.0,8.0,14,20
33480,285.0,6.0,14,20
643330,660.0,12.0,7,12
38325,200.0,4.0,22,30
42095,200.0,4.0,22,30
35595,200.0,4.0,22,30
39545,200.0,4.0,22,30
42745,200.0,4.0,22,30
36145,200.0,4.0,22,30
31995,200.0,4.0,22,30
22075,152.0,4.0,17,22
25645,261.0,6.0,15,19
24775,261.0,6.0,15,20
28850,261.0,6.0,15,19
30900,261.0,6.0,15,19
17520,152.0,4.0,19,23
25125,261.0,6.0,15,20
23245,261.0,6.0,15,20
27825,261.0,6.0,15,19
18825,152.0,4.0,19,23
25979,261.0,6.0,14,19
25279,261.0,6.0,15,20
28279,261.0,6.0,14,19
17595,152.0,4.0,19,23
29150,261.0,6.0,14,19
22479,152.0,4.0,17,22
19299,152.0,4.0,19,23
17899,152.0,4.0,19,23
28699,261.0,6.0,15,19
25699,261.0,6.0,15,20
22799,152.0,4.0,17,22
29550,261.0,6.0,15,19
26299,261.0,6.0,14,19
26270,182.0,4.0,20,29
26170,182.0,4.0,22,32
27920,182.0,4.0,20,29
28170,182.0,4.0,22,32
31920,182.0,4.0,22,32
33670,182.0,4.0,20,29
24520,182.0,4.0,22,32
22120,182.0,4.0,22,32
29920,182.0,4.0,20,29
22600,182.0,4.0,22,32
31490,182.0,4.0,20,29
29740,182.0,4.0,22,32
26960,182.0,4.0,20,29
28200,182.0,4.0,20,29
25210,182.0,4.0,22,32
26450,182.0,4.0,22,32
25510,182.0,4.0,22,32
27260,182.0,4.0,20,28
26750,182.0,4.0,22,32
23100,182.0,4.0,22,32
31790,182.0,4.0,20,28
30040,182.0,4.0,22,32
28500,182.0,4.0,20,28
61250,429.0,8.0,15,23
68500,429.0,8.0,15,23
61500,429.0,8.0,15,23
68750,429.0,8.0,15,23
68750,429.0,8.0,15,23
61500,429.0,8.0,15,23
2000,156.0,6.0,17,24
2000,156.0,6.0,17,23
40580,200.0,4.0,40,39
41020,200.0,4.0,40,39
41820,200.0,4.0,40,39
31505,210.0,6.0,17,24
31505,210.0,6.0,18,27
31725,210.0,6.0,18,27
31725,225.0,6.0,18,27
32175,225.0,6.0,18,27
32300,218.0,6.0,18,27
37700,268.0,6.0,21,31
40440,268.0,6.0,21,31
38100,268.0,6.0,21,31
38900,268.0,6.0,21,30
85795,420.0,8.0,14,20
83195,420.0,8.0,15,21
78695,420.0,8.0,15,21
87070,420.0,8.0,14,20
77295,420.0,8.0,14,20
74695,420.0,8.0,15,21
82570,420.0,8.0,14,20
92275,420.0,8.0,15,22
75970,420.0,8.0,15,22
81295,420.0,8.0,14,20
84470,420.0,8.0,15,22
78570,420.0,8.0,14,20
94875,420.0,8.0,14,20
79970,420.0,8.0,15,22
80045,420.0,8.0,15,22
82645,420.0,8.0,15,21
87145,420.0,8.0,15,21
75970,420.0,8.0,15,22
78570,420.0,8.0,15,21
84545,420.0,8.0,15,22
92350,420.0,8.0,15,22
94950,420.0,8.0,15,21
83995,420.0,8.0,15,20
95195,420.0,8.0,15,22
81395,420.0,8.0,15,22
88495,420.0,8.0,15,20
78995,420.0,8.0,15,20
76395,420.0,8.0,15,22
97795,420.0,8.0,15,20
85895,420.0,8.0,15,22
67350,403.0,8.0,13,18
69740,403.0,8.0,13,18
62160,403.0,8.0,13,18
69640,403.0,8.0,13,18
63060,403.0,8.0,13,18
67250,403.0,8.0,13,18
69640,403.0,8.0,13,18
63060,403.0,8.0,13,18
67250,403.0,8.0,13,18
88435,332.0,8.0,20,23
76685,332.0,8.0,20,23
85935,332.0,8.0,20,23
74135,332.0,8.0,20,23
76400,332.0,8.0,20,23
83295,332.0,8.0,20,23
85845,332.0,8.0,20,23
73850,332.0,8.0,20,23
74425,332.0,8.0,20,23
83870,332.0,8.0,20,23
76975,332.0,8.0,20,23
86420,332.0,8.0,20,23
80195,420.0,8.0,15,21
84070,420.0,8.0,15,21
91875,420.0,8.0,15,21
76970,420.0,8.0,15,22
71695,420.0,8.0,15,21
72970,420.0,8.0,15,22
75570,420.0,8.0,15,21
81470,420.0,8.0,15,22
82795,420.0,8.0,14,21
78295,420.0,8.0,14,21
75695,420.0,8.0,15,21
79570,420.0,8.0,15,21
74295,420.0,8.0,14,21
89275,420.0,8.0,15,22
81545,420.0,8.0,15,22
89350,420.0,8.0,15,22
79645,420.0,8.0,15,21
84145,420.0,8.0,15,21
91950,420.0,8.0,15,21
77045,420.0,8.0,15,22
75570,420.0,8.0,15,21
72970,420.0,8.0,15,22
92195,420.0,8.0,15,22
80995,420.0,8.0,15,20
82895,420.0,8.0,15,22
85495,420.0,8.0,15,20
94795,420.0,8.0,15,20
75995,420.0,8.0,15,20
73395,420.0,8.0,15,22
78395,420.0,8.0,15,22
31975,177.0,4.0,34,31
33725,177.0,4.0,29,27
29645,177.0,4.0,34,31
31395,177.0,4.0,29,27
34120,177.0,4.0,30,27
32370,177.0,4.0,34,31
31610,177.0,4.0,30,27
29860,177.0,4.0,34,31
30570,177.0,4.0,34,31
34830,177.0,4.0,30,27
32320,177.0,4.0,30,27
33080,177.0,4.0,34,31
29735,178.0,4.0,23,32
25650,178.0,4.0,23,32
27400,178.0,4.0,22,30
23450,168.0,4.0,22,31
31485,178.0,4.0,22,30
27540,178.0,4.0,22,29
25790,178.0,4.0,23,32
29995,178.0,4.0,23,32
23590,168.0,4.0,22,31
31745,178.0,4.0,22,29
23600,168.0,4.0,21,29
29100,239.0,4.0,23,30
30850,239.0,4.0,22,28
26850,239.0,4.0,22,28
25100,239.0,4.0,23,30
12340,130.0,4.0,23,31
14315,130.0,4.0,22,31
12815,130.0,4.0,23,31
15015,110.0,4.0,23,32
13860,130.0,4.0,22,31
14090,110.0,4.0,23,32
13205,130.0,4.0,23,30
14355,130.0,4.0,23,30
14810,130.0,4.0,23,30
89825,350.0,8.0,14,21
90825,350.0,8.0,14,21
93225,350.0,8.0,14,21
2000,140.0,8.0,15,22
2000,122.0,4.0,24,32
2000,95.0,4.0,26,33
2000,122.0,4.0,24,31
14199,122.0,4.0,23,30
16499,122.0,4.0,23,30
15499,122.0,4.0,26,30
14999,122.0,4.0,23,30
16699,122.0,4.0,26,30
15699,122.0,4.0,26,30
13699,122.0,4.0,24,32
15799,122.0,4.0,23,30
13199,122.0,4.0,24,32
14699,122.0,4.0,26,30
15899,122.0,4.0,23,30
14199,122.0,4.0,24,32
14899,122.0,4.0,24,32
14699,122.0,4.0,24,31
13999,122.0,4.0,24,32
14499,122.0,4.0,24,32
15199,122.0,4.0,23,30
13299,122.0,4.0,24,32
16799,122.0,4.0,23,30
14799,122.0,4.0,24,31
14299,122.0,4.0,23,30
13799,122.0,4.0,24,31
14799,122.0,4.0,23,30
16599,122.0,4.0,23,30
15299,122.0,4.0,23,30
14299,122.0,4.0,24,32
15799,122.0,4.0,23,30
27700,201.0,6.0,15,18
26200,201.0,6.0,15,18
26200,201.0,6.0,15,18
27700,201.0,6.0,15,18
26200,201.0,6.0,15,18
27700,201.0,6.0,15,18
91900,400.0,6.0,21,39
64000,276.0,6.0,18,27
65500,276.0,6.0,18,26
66800,276.0,6.0,18,26
77100,345.0,6.0,17,26
78600,345.0,6.0,17,26
68300,276.0,6.0,18,26
78750,345.0,6.0,17,26
68750,276.0,6.0,18,26
79980,345.0,6.0,17,26
69980,276.0,6.0,18,26
31900,297.0,6.0,17,24
36850,297.0,6.0,16,23
33300,297.0,6.0,16,23
35450,297.0,6.0,17,24
35200,297.0,6.0,16,23
37400,297.0,6.0,16,23
36000,297.0,6.0,17,24
33800,297.0,6.0,17,24
33800,297.0,6.0,17,24
37400,297.0,6.0,16,23
35200,297.0,6.0,16,23
36000,297.0,6.0,17,24
2000,81.0,4.0,25,33
2000,81.0,4.0,25,30
2000,81.0,4.0,25,30
2000,81.0,4.0,25,33
2000,81.0,4.0,25,30
2000,81.0,4.0,25,33
2000,81.0,4.0,25,33
2000,81.0,4.0,25,30
2000,81.0,4.0,24,33
2000,81.0,4.0,24,33
74995,257.0,4.0,20,26
65690,240.0,4.0,20,26
65690,240.0,4.0,20,26
65690,240.0,4.0,20,26
70750,257.0,4.0,20,26
74950,257.0,4.0,20,26
35200,297.0,6.0,17,24
36600,297.0,6.0,17,24
37400,297.0,6.0,17,24
38800,297.0,6.0,17,24
38100,297.0,6.0,17,24
37200,297.0,6.0,17,24
35800,297.0,6.0,17,24
39500,297.0,6.0,17,24
36900,325.0,6.0,17,25
38300,325.0,6.0,17,24
39250,325.0,6.0,17,25
40650,325.0,6.0,17,24
58185,365.0,6.0,15,20
62025,365.0,6.0,15,21
62985,365.0,6.0,15,21
59375,365.0,6.0,16,22
66025,365.0,6.0,14,20
57795,365.0,6.0,15,21
60835,365.0,6.0,14,20
64945,365.0,6.0,14,20
45435,365.0,6.0,16,22
63375,365.0,6.0,15,20
48360,365.0,6.0,15,20
60335,365.0,6.0,16,22
48145,365.0,6.0,15,21
62295,365.0,6.0,15,20
55145,365.0,6.0,16,22
51070,365.0,6.0,14,20
41135,365.0,6.0,16,22
47330,365.0,6.0,14,20
44055,365.0,6.0,15,20
44410,365.0,6.0,15,21
58021,365.0,6.0,15,20
49150,365.0,6.0,15,20
62590,365.0,6.0,15,20
63307,365.0,6.0,15,21
65957,365.0,6.0,15,20
58410,365.0,6.0,15,20
46225,365.0,6.0,15,21
59940,365.0,6.0,15,21
51861,365.0,6.0,15,19
61061,365.0,6.0,15,19
65510,365.0,6.0,15,19
66347,365.0,6.0,15,20
62860,365.0,6.0,15,20
48936,365.0,6.0,15,20
55370,365.0,6.0,15,21
68996,365.0,6.0,15,19
31320,292.0,8.0,13,19
31320,292.0,8.0,13,19
30015,210.0,6.0,13,19
27925,210.0,6.0,13,19
25400,210.0,6.0,14,20
28800,292.0,8.0,13,20
30015,210.0,6.0,13,19
26710,292.0,8.0,13,20
27490,210.0,6.0,14,20
29235,292.0,8.0,13,19
31145,292.0,8.0,15,21
29835,210.0,6.0,14,20
28510,210.0,6.0,13,19
33670,292.0,8.0,14,19
33670,292.0,8.0,14,19
29820,292.0,8.0,14,19
31145,292.0,8.0,15,21
27295,292.0,8.0,15,21
32360,210.0,6.0,13,19
25985,210.0,6.0,14,20
32360,210.0,6.0,13,19
33065,210.0,6.0,14,20
35590,210.0,6.0,13,19
28210,210.0,6.0,14,20
35590,210.0,6.0,13,19
30735,210.0,6.0,13,19
24055,203.0,6.0,14,18
21035,203.0,6.0,16,20
24615,203.0,6.0,15,20
24240,203.0,6.0,14,18
21220,203.0,6.0,16,20
26075,203.0,6.0,13,18
22265,203.0,6.0,15,20
23055,203.0,6.0,15,20
27780,203.0,6.0,13,18
25285,203.0,6.0,13,18
23835,203.0,6.0,14,19
25565,203.0,6.0,14,18
22545,203.0,6.0,14,19
25595,203.0,6.0,14,19
28760,203.0,6.0,14,18
24890,203.0,6.0,14,17
26915,203.0,6.0,14,18
21870,203.0,6.0,15,20
33000,290.0,6.0,17,24
40200,290.0,6.0,17,23
38200,290.0,6.0,17,24
32700,290.0,6.0,17,23
30700,290.0,6.0,17,24
43100,365.0,6.0,16,22
35000,290.0,6.0,17,23
35400,290.0,6.0,16,23
41300,290.0,6.0,17,24
52970,365.0,6.0,16,22
43500,365.0,6.0,16,22
31050,290.0,6.0,17,24
33050,290.0,6.0,16,23
43300,290.0,6.0,16,23
33400,290.0,6.0,17,24
53235,365.0,6.0,16,22
33310,290.0,6.0,16,23
41525,280.0,4.0,19,27
33625,290.0,6.0,17,24
31160,290.0,6.0,17,24
45205,365.0,6.0,16,22
35775,290.0,6.0,16,23
43675,280.0,4.0,18,25
2000,136.0,4.0,19,26
2000,136.0,4.0,17,22
2000,113.0,4.0,21,26
2000,136.0,4.0,19,26
2000,136.0,4.0,17,22
2000,136.0,4.0,18,22
2000,136.0,4.0,18,24
2000,113.0,4.0,21,27
2000,136.0,4.0,19,25
2000,136.0,4.0,19,25
2000,136.0,4.0,17,21
2000,136.0,4.0,18,24
32760,310.0,8.0,13,17
27710,195.0,6.0,14,19
34525,310.0,8.0,13,17
34160,285.0,8.0,11,17
30970,310.0,8.0,13,17
36030,285.0,8.0,11,17
31865,285.0,8.0,11,17
32190,285.0,8.0,11,17
34485,285.0,8.0,11,17
35915,285.0,8.0,11,17
36700,285.0,8.0,11,17
36355,285.0,8.0,11,17
34015,285.0,8.0,11,17
37500,285.0,8.0,11,16
32990,285.0,8.0,11,16
35285,285.0,8.0,11,16
36715,285.0,8.0,11,16
34815,285.0,8.0,11,16
37155,285.0,8.0,11,16
22295,202.0,6.0,15,19
26160,231.0,8.0,13,17
23830,202.0,6.0,13,18
22315,202.0,6.0,15,19
25730,202.0,6.0,13,18
20490,202.0,6.0,15,19
25160,202.0,6.0,15,19
26460,231.0,8.0,13,17
22615,202.0,6.0,15,19
23160,202.0,6.0,15,19
26575,202.0,6.0,13,18
19910,202.0,6.0,15,19
26030,202.0,6.0,13,18
19610,202.0,6.0,15,19
22595,231.0,8.0,14,18
25460,231.0,8.0,14,18
28975,231.0,8.0,13,17
23285,202.0,6.0,13,18
29275,231.0,8.0,13,17
22985,202.0,6.0,13,18
4508,240.0,8.0,11,15
5691,360.0,8.0,12,15
5860,360.0,8.0,12,15
45090,325.0,6.0,18,23
34205,282.0,6.0,18,25
35310,325.0,6.0,19,26
36555,282.0,6.0,18,25
55305,385.0,8.0,15,21
43785,385.0,8.0,15,21
39310,325.0,6.0,19,26
30975,282.0,6.0,17,23
39485,385.0,8.0,15,21
31320,282.0,6.0,18,25
33515,282.0,6.0,17,23
52545,385.0,8.0,15,21
35360,385.0,8.0,15,21
37665,325.0,6.0,19,26
39610,325.0,6.0,19,26
36055,282.0,6.0,17,23
26030,282.0,6.0,18,25
51585,385.0,8.0,15,22
49120,385.0,8.0,15,21
31625,282.0,6.0,18,25
46140,385.0,8.0,15,21
33655,325.0,6.0,19,26
49420,385.0,8.0,15,22
37630,282.0,6.0,17,23
41970,325.0,6.0,19,26
34745,282.0,6.0,17,23
51885,385.0,8.0,15,22
30675,282.0,6.0,17,23
41670,325.0,6.0,19,26
52845,385.0,8.0,15,21
41840,385.0,8.0,15,21
26330,282.0,6.0,18,25
30090,282.0,6.0,18,25
31200,325.0,6.0,19,26
32545,282.0,6.0,18,25
55010,385.0,8.0,15,21
42735,325.0,6.0,18,23
35045,282.0,6.0,17,23
37815,385.0,8.0,15,21
40050,282.0,6.0,17,23
31185,282.0,6.0,17,23
53775,385.0,8.0,15,21
37140,282.0,6.0,18,25
26540,282.0,6.0,18,25
30600,282.0,6.0,18,25
52815,385.0,8.0,15,22
53475,385.0,8.0,15,21
56235,385.0,8.0,15,21
40070,385.0,8.0,15,21
50050,385.0,8.0,15,21
31905,282.0,6.0,18,25
35330,282.0,6.0,17,23
26840,282.0,6.0,18,25
34165,325.0,6.0,19,26
58885,365.0,6.0,18,25
35895,325.0,6.0,19,26
35870,385.0,8.0,15,21
62310,365.0,6.0,17,23
34790,282.0,6.0,18,25
43490,325.0,6.0,18,23
32210,282.0,6.0,18,25
36565,282.0,6.0,17,23
31485,282.0,6.0,17,23
40365,325.0,6.0,19,26
33055,282.0,6.0,18,25
38215,282.0,6.0,17,23
40065,325.0,6.0,19,26
42725,325.0,6.0,19,26
31710,325.0,6.0,19,26
45845,325.0,6.0,18,23
38325,385.0,8.0,15,21
50350,385.0,8.0,15,22
42425,385.0,8.0,15,21
55940,385.0,8.0,15,21
42425,325.0,6.0,19,26
34025,282.0,6.0,17,23
40635,282.0,6.0,17,23
38250,325.0,6.0,19,26
35630,282.0,6.0,17,23
52515,385.0,8.0,15,22
44540,385.0,8.0,15,21
46895,385.0,8.0,15,21
31710,325.0,6.0,19,26
51310,450.0,6.0,15,18
56260,385.0,8.0,15,21
40070,385.0,8.0,15,21
59600,365.0,6.0,18,25
48325,450.0,6.0,15,18
40365,325.0,6.0,19,26
46895,385.0,8.0,15,21
26540,282.0,6.0,18,25
36565,282.0,6.0,17,23
31905,282.0,6.0,18,25
44540,385.0,8.0,15,21
45845,325.0,6.0,18,23
38325,385.0,8.0,15,21
31185,282.0,6.0,17,23
40065,325.0,6.0,19,26
53704,385.0,8.0,15,21
54004,385.0,8.0,15,21
35055,282.0,6.0,18,25
52835,385.0,8.0,15,22
42425,385.0,8.0,15,21
56555,385.0,8.0,15,21
35630,282.0,6.0,17,23
34165,325.0,6.0,19,26
31485,282.0,6.0,17,23
35895,325.0,6.0,19,26
50280,385.0,8.0,15,22
38215,282.0,6.0,17,23
35870,385.0,8.0,15,21
42425,325.0,6.0,19,26
26840,282.0,6.0,18,25
35330,282.0,6.0,17,23
43490,325.0,6.0,18,23
32210,282.0,6.0,18,25
42725,325.0,6.0,19,26
50580,385.0,8.0,15,22
37140,282.0,6.0,18,25
34790,282.0,6.0,18,25
30600,282.0,6.0,18,25
34025,282.0,6.0,17,23
63025,365.0,6.0,17,23
38250,325.0,6.0,19,26
40635,282.0,6.0,17,23
53135,385.0,8.0,15,22
3104,220.0,8.0,12,17
2862,220.0,8.0,12,17
3433,220.0,8.0,12,17
3215,220.0,8.0,12,17
3059,220.0,8.0,12,17
3214,220.0,8.0,12,17
3241,220.0,8.0,12,17
2956,220.0,8.0,12,17
3394,220.0,8.0,12,17
2836,220.0,8.0,12,17
2529,220.0,8.0,12,17
2577,220.0,8.0,12,17
2787,220.0,8.0,12,17
3008,220.0,8.0,12,17
3156,220.0,8.0,12,17
3431,220.0,8.0,12,17
3338,220.0,8.0,13,17
3138,220.0,8.0,13,18
3096,220.0,8.0,13,18
3535,220.0,8.0,13,18
3733,220.0,8.0,13,16
3487,220.0,8.0,13,16
3269,220.0,8.0,13,16
2843,220.0,8.0,13,17
3395,220.0,8.0,13,18
3099,220.0,8.0,13,16
3471,220.0,8.0,13,16
3199,220.0,8.0,13,17
2817,220.0,8.0,13,17
3223,220.0,8.0,13,16
3764,220.0,8.0,13,16
3822,220.0,8.0,13,16
3251,220.0,8.0,13,17
3550,220.0,8.0,12,17
3269,220.0,8.0,12,16
4078,220.0,8.0,12,15
3241,220.0,8.0,13,17
3583,220.0,8.0,12,16
3542,220.0,8.0,12,16
3560,220.0,8.0,13,17
2922,220.0,8.0,13,17
3188,220.0,8.0,13,17
3192,220.0,8.0,12,16
3878,220.0,8.0,12,15
3752,220.0,8.0,12,17
3572,220.0,8.0,12,16
3908,220.0,8.0,12,16
2923,220.0,8.0,13,17
315888,731.0,12.0,11,16
315888,731.0,12.0,11,16
319995,731.0,12.0,11,16
173079,483.0,8.0,11,16
211525,483.0,8.0,11,16
234945,483.0,8.0,11,16
184309,483.0,8.0,11,16
201213,483.0,8.0,11,16
199054,483.0,8.0,11,16
217310,483.0,8.0,11,16
228447,483.0,8.0,11,16
186925,483.0,8.0,11,16
200054,483.0,8.0,11,16
218310,483.0,8.0,11,16
187925,483.0,8.0,11,16
229447,483.0,8.0,11,16
2000,63.0,4.0,30,38
2000,63.0,4.0,30,37
2000,63.0,4.0,30,38
295000,651.0,12.0,11,16
295000,651.0,12.0,11,16
295000,651.0,12.0,11,16
18405,120.0,4.0,28,36
21435,197.0,4.0,26,35
15685,120.0,4.0,28,36
16085,120.0,4.0,28,36
14455,120.0,4.0,28,36
14855,120.0,4.0,28,36
18805,120.0,4.0,28,36
14880,120.0,4.0,27,35
16110,120.0,4.0,27,35
18830,120.0,4.0,27,35
15810,120.0,4.0,27,35
14580,120.0,4.0,27,35
18530,120.0,4.0,27,35
21460,197.0,4.0,26,32
15660,120.0,4.0,27,35
19420,120.0,4.0,27,36
21610,197.0,4.0,26,32
14430,120.0,4.0,27,35
14130,120.0,4.0,27,35
15360,120.0,4.0,27,35
19120,120.0,4.0,27,36
4677,200.0,6.0,17,28
6175,305.0,8.0,15,23
8548,305.0,8.0,15,23
9567,305.0,8.0,15,23
5844,200.0,6.0,17,28
24035,310.0,8.0,16,23
25475,200.0,6.0,17,28
31215,310.0,8.0,16,23
18855,200.0,6.0,17,28
27145,310.0,8.0,16,23
32095,310.0,8.0,16,23
25995,310.0,8.0,16,23
28025,310.0,8.0,16,23
20050,200.0,6.0,17,29
26965,200.0,6.0,17,28
36625,239.0,0.0,132,105
36625,239.0,0.0,132,105
15650,130.0,4.0,29,37
17560,130.0,4.0,29,37
19925,130.0,4.0,32,38
20925,130.0,4.0,32,38
16450,130.0,4.0,33,41
18360,130.0,4.0,32,38
21165,130.0,4.0,32,38
20165,130.0,4.0,32,38
16690,130.0,4.0,33,41
18600,130.0,4.0,32,38
17800,130.0,4.0,29,37
15890,130.0,4.0,29,37
20265,130.0,4.0,32,37
16790,130.0,4.0,33,40
21265,130.0,4.0,32,37
17900,130.0,4.0,29,36
15990,130.0,4.0,29,36
18700,130.0,4.0,32,37
24165,203.0,6.0,19,26
23965,203.0,6.0,17,23
26290,203.0,6.0,19,26
22165,203.0,6.0,19,26
28090,203.0,6.0,17,23
25965,203.0,6.0,17,23
24230,203.0,6.0,19,26
22230,203.0,6.0,18,25
28230,203.0,6.0,17,23
24080,203.0,6.0,17,23
26380,203.0,6.0,19,26
26080,203.0,6.0,17,23
28460,203.0,6.0,17,23
24885,203.0,6.0,17,23
23035,203.0,6.0,19,26
26610,203.0,6.0,19,26
27705,260.0,6.0,17,20
27295,260.0,6.0,15,18
26115,260.0,6.0,17,20
27030,260.0,6.0,16,20
28620,260.0,6.0,17,20
28210,260.0,6.0,15,18
29270,260.0,6.0,17,20
27680,260.0,6.0,16,20
28860,260.0,6.0,15,18
2000,260.0,8.0,15,23
2000,260.0,8.0,15,23
2158,260.0,8.0,15,24
32100,287.0,6.0,18,25
29100,287.0,6.0,18,25
37700,287.0,6.0,18,25
39650,287.0,6.0,17,23
34050,287.0,6.0,17,23
42400,365.0,6.0,16,23
42600,365.0,6.0,15,21
32300,287.0,6.0,16,23
29600,287.0,6.0,16,23
34250,287.0,6.0,16,22
39750,287.0,6.0,16,22
37800,287.0,6.0,16,23
43030,365.0,6.0,15,21
40180,287.0,6.0,16,22
32730,287.0,6.0,16,23
38230,287.0,6.0,16,23
30025,287.0,6.0,16,23
34680,287.0,6.0,16,22
200500,616.0,12.0,12,20
215800,616.0,12.0,12,20
195100,500.0,8.0,14,24
201000,500.0,8.0,14,24
222300,616.0,12.0,12,20
36120,350.0,4.0,19,25
24370,252.0,4.0,23,32
24425,252.0,4.0,22,31
24775,252.0,4.0,22,31
18460,160.0,4.0,26,36
18960,160.0,4.0,26,36
23170,160.0,4.0,27,40
17170,160.0,4.0,26,36
23670,160.0,4.0,27,40
29170,239.0,0.0,110,99
18515,160.0,4.0,26,36
23725,160.0,4.0,27,40
23225,160.0,4.0,27,40
29170,239.0,0.0,110,99
19015,160.0,4.0,26,36
17225,160.0,4.0,26,36
21675,160.0,4.0,27,40
18175,123.0,3.0,30,42
16775,160.0,4.0,26,36
24075,160.0,4.0,27,40
23575,160.0,4.0,27,40
21175,160.0,4.0,27,40
29120,239.0,0.0,110,99
19765,160.0,4.0,27,40
16699,126.0,4.0,19,27
13799,126.0,4.0,20,28
14499,126.0,4.0,19,27
15099,126.0,4.0,20,28
15999,126.0,4.0,19,28
15399,126.0,4.0,19,27
14699,126.0,4.0,19,28
15799,126.0,4.0,19,27
16349,127.0,4.0,19,27
14899,127.0,4.0,19,27
15399,127.0,4.0,19,27
15099,127.0,4.0,19,28
16499,127.0,4.0,19,27
15449,127.0,4.0,19,28
13999,127.0,4.0,20,28
14349,127.0,4.0,20,28
16049,127.0,4.0,19,28
14499,127.0,4.0,20,28
14949,127.0,4.0,20,28
15999,127.0,4.0,19,27
16949,127.0,4.0,19,27
15249,127.0,4.0,19,27
15849,127.0,4.0,19,27
15599,127.0,4.0,19,28
15589,127.0,4.0,19,28
16489,127.0,4.0,19,27
17689,127.0,4.0,19,27
16989,127.0,4.0,19,27
16089,127.0,4.0,19,28
16789,127.0,4.0,19,28
14489,127.0,4.0,20,28
15889,127.0,4.0,19,27
14989,127.0,4.0,20,28
15389,127.0,4.0,19,27
33095,250.0,4.0,23,28
25095,170.0,4.0,24,32
24595,170.0,4.0,22,29
28095,170.0,4.0,24,32
30095,170.0,4.0,24,32
22195,170.0,4.0,22,29
28495,250.0,4.0,23,28
23195,170.0,4.0,24,32
28795,170.0,4.0,24,32
25295,170.0,4.0,22,29
23395,170.0,4.0,24,32
29195,250.0,4.0,23,28
22395,170.0,4.0,22,29
33795,250.0,4.0,23,28
25795,170.0,4.0,24,32
30795,170.0,4.0,24,32
34295,250.0,4.0,23,27
25995,170.0,4.0,26,32
29295,250.0,4.0,23,27
25495,170.0,4.0,22,28
29195,170.0,4.0,26,32
31295,170.0,4.0,26,32
23595,170.0,4.0,26,32
22595,170.0,4.0,22,28
19590,173.0,4.0,25,34
19390,173.0,4.0,25,36
18590,173.0,4.0,24,33
20890,201.0,4.0,21,29
21890,201.0,4.0,21,29
17490,145.0,4.0,26,39
15890,145.0,4.0,25,37
19690,173.0,4.0,25,33
20590,201.0,4.0,22,29
21590,201.0,4.0,22,30
20690,201.0,4.0,22,29
15990,145.0,4.0,25,37
21990,201.0,4.0,21,29
21690,201.0,4.0,22,30
18090,173.0,4.0,25,33
20390,173.0,4.0,25,33
19890,173.0,4.0,25,34
17700,145.0,4.0,26,39
20990,201.0,4.0,21,29
19990,173.0,4.0,24,35
17500,147.0,4.0,29,38
19200,147.0,4.0,29,38
21200,164.0,4.0,25,33
16490,147.0,4.0,25,34
18090,164.0,4.0,25,34
25890,201.0,4.0,23,29
23690,201.0,4.0,25,30
21990,164.0,4.0,25,34
2000,81.0,4.0,22,30
2000,81.0,4.0,22,29
2000,81.0,4.0,22,29
2000,81.0,4.0,22,30
2000,81.0,4.0,22,30
2000,81.0,4.0,22,30
24700,200.0,4.0,22,30
28500,200.0,4.0,25,34
27400,200.0,4.0,22,30
25800,200.0,4.0,25,34
31090,200.0,4.0,25,34
26000,200.0,4.0,25,34
24900,200.0,4.0,22,30
29990,200.0,4.0,22,30
25305,200.0,4.0,22,30
30610,200.0,4.0,25,34
29510,200.0,4.0,22,30
26405,200.0,4.0,25,34
24975,174.0,6.0,15,19
26370,174.0,6.0,15,19
31575,174.0,6.0,15,19
27775,174.0,6.0,15,19
26330,174.0,6.0,16,19
28330,174.0,6.0,16,19
25330,174.0,6.0,16,19
26830,174.0,6.0,16,19
26830,174.0,6.0,16,19
28030,239.0,6.0,16,22
23930,239.0,6.0,16,22
21630,239.0,6.0,16,22
26530,239.0,6.0,16,22
29030,239.0,6.0,16,21
32755,239.0,6.0,16,21
19650,193.0,6.0,16,22
29575,201.0,6.0,15,21
23655,193.0,6.0,16,22
26615,201.0,6.0,15,21
26665,201.0,6.0,15,21
23705,201.0,6.0,15,21
29575,201.0,6.0,15,21
19700,201.0,6.0,15,21
28440,203.0,6.0,18,25
30440,203.0,6.0,17,22
25040,203.0,6.0,18,25
26840,203.0,6.0,17,22
26440,203.0,6.0,18,25
28240,203.0,6.0,17,22
28355,203.0,6.0,17,22
26505,203.0,6.0,18,25
25105,203.0,6.0,18,25
30580,203.0,6.0,17,22
26955,203.0,6.0,17,22
28530,203.0,6.0,18,25
27770,203.0,6.0,17,22
29205,203.0,6.0,18,25
31055,203.0,6.0,17,22
25920,203.0,6.0,18,25
32560,261.0,6.0,15,21
20660,152.0,4.0,17,23
25510,261.0,6.0,16,22
34010,261.0,6.0,15,21
31510,261.0,6.0,16,21
32560,261.0,6.0,15,21
25860,261.0,6.0,16,22
26450,261.0,6.0,15,21
23020,152.0,4.0,17,23
27240,261.0,6.0,16,21
17990,152.0,4.0,19,23
30550,261.0,6.0,16,21
24190,261.0,6.0,16,22
23750,261.0,6.0,16,22
28050,261.0,6.0,15,21
21970,152.0,4.0,19,23
31360,261.0,6.0,15,21
24540,261.0,6.0,16,22
25400,261.0,6.0,16,21
25350,261.0,6.0,16,22
23610,261.0,6.0,16,22
28560,261.0,6.0,16,21
26310,261.0,6.0,15,21
22700,261.0,6.0,16,22
35260,261.0,6.0,15,21
24630,261.0,6.0,16,22
27630,261.0,6.0,15,21
31750,261.0,6.0,15,21
26750,261.0,6.0,15,21
25840,261.0,6.0,16,22
32890,261.0,6.0,15,21
24050,261.0,6.0,16,22
31840,261.0,6.0,16,21
24960,261.0,6.0,16,22
26640,261.0,6.0,15,21
35590,261.0,6.0,15,21
23000,261.0,6.0,17,22
32080,261.0,6.0,15,21
34360,261.0,6.0,15,21
28380,261.0,6.0,15,21
25680,261.0,6.0,16,22
23940,261.0,6.0,16,22
24520,261.0,6.0,16,22
31690,261.0,6.0,16,22
28910,261.0,6.0,16,21
35610,261.0,6.0,15,21
18290,152.0,4.0,19,23
23230,152.0,4.0,17,23
34340,261.0,6.0,15,21
28890,261.0,6.0,16,21
31710,261.0,6.0,16,22
27960,261.0,6.0,15,21
20960,152.0,4.0,17,23
22180,152.0,4.0,19,23
25750,261.0,6.0,16,23
32340,261.0,6.0,16,21
27320,261.0,6.0,15,21
26470,261.0,6.0,16,23
27650,261.0,6.0,15,21
29170,261.0,6.0,15,21
18390,152.0,4.0,19,23
22160,152.0,4.0,17,22
24950,261.0,6.0,16,23
26630,261.0,6.0,16,23
33390,261.0,6.0,15,21
35160,261.0,6.0,15,21
28750,261.0,6.0,15,21
23910,152.0,4.0,17,22
32580,261.0,6.0,15,21
29700,261.0,6.0,16,21
36410,261.0,6.0,15,21
25200,261.0,6.0,16,23
23900,261.0,6.0,16,22
24620,261.0,6.0,16,23
32510,261.0,6.0,16,23
22860,152.0,4.0,19,23
27380,188.0,4.0,44,41
26575,188.0,4.0,44,41
32330,188.0,4.0,44,41
31430,188.0,4.0,44,41
26480,188.0,4.0,44,41
25675,188.0,4.0,44,41
37020,188.0,4.0,43,41
31010,188.0,4.0,43,41
25675,188.0,4.0,43,41
26480,188.0,4.0,43,41
27830,231.0,4.0,22,31
32780,231.0,4.0,22,31
24035,175.0,4.0,22,34
30780,231.0,4.0,22,33
22500,175.0,4.0,22,34
31270,231.0,4.0,22,33
22750,175.0,4.0,22,34
24320,175.0,4.0,22,34
33270,231.0,4.0,22,31
28115,231.0,4.0,22,31
30610,231.0,4.0,21,31
27405,231.0,4.0,20,29
32610,231.0,4.0,20,29
22610,175.0,4.0,21,32
23610,175.0,4.0,21,32
36620,231.0,4.0,21,31
38620,231.0,4.0,20,29
39550,275.0,6.0,15,20
38050,275.0,6.0,15,22
42150,303.0,6.0,16,23
43600,303.0,6.0,16,21
42850,303.0,6.0,16,23
44300,303.0,6.0,16,21
49750,320.0,8.0,13,17
49850,320.0,8.0,13,17
50100,320.0,8.0,13,17
58400,390.0,8.0,14,20
59000,390.0,8.0,14,20
44050,303.0,6.0,16,21
42600,303.0,6.0,16,23
57600,390.0,8.0,14,20
43700,303.0,6.0,16,23
59800,390.0,8.0,14,20
52000,303.0,6.0,16,21
45150,303.0,6.0,16,21
53400,325.0,6.0,16,22
44950,325.0,6.0,17,24
61500,390.0,8.0,14,20
46400,325.0,6.0,16,22
115400,382.0,8.0,12,15
137100,536.0,8.0,12,14
119900,416.0,8.0,13,14
139900,563.0,8.0,12,14
217900,621.0,12.0,11,13
50200,325.0,6.0,16,24
45750,325.0,6.0,17,25
58000,325.0,6.0,17,25
51300,325.0,6.0,16,24
46650,325.0,6.0,17,25
61450,343.0,6.0,17,25
47900,325.0,6.0,17,25
52750,325.0,6.0,16,24
38600,330.0,6.0,19,27
43350,330.0,6.0,17,25
48900,348.0,6.0,17,25
40250,330.0,6.0,18,25
50800,348.0,6.0,19,27
37150,330.0,6.0,19,27
51700,348.0,6.0,19,27
37800,330.0,6.0,19,27
49800,348.0,6.0,17,25
40900,330.0,6.0,18,25
39250,330.0,6.0,19,27
44200,330.0,6.0,17,25
45500,330.0,6.0,17,25
42050,330.0,6.0,18,25
40400,330.0,6.0,19,27
53100,348.0,6.0,19,27
51200,348.0,6.0,17,25
41550,328.0,6.0,18,25
44150,328.0,6.0,19,27
39950,328.0,6.0,19,27
35800,328.0,6.0,19,27
37400,328.0,6.0,18,25
32000,218.0,6.0,20,29
40200,328.0,6.0,17,25
35000,218.0,6.0,19,27
33400,218.0,6.0,20,29
44750,328.0,6.0,18,25
41500,328.0,6.0,17,25
36900,328.0,6.0,19,27
33100,218.0,6.0,20,29
38500,328.0,6.0,18,25
41850,328.0,6.0,18,25
46050,328.0,6.0,18,25
45450,328.0,6.0,19,27
36100,218.0,6.0,19,27
40250,328.0,6.0,19,27
34500,218.0,6.0,20,29
37150,328.0,6.0,17,25
34550,328.0,6.0,18,25
32950,328.0,6.0,19,27
2251,145.0,4.0,21,29
2449,145.0,4.0,21,29
22195,145.0,4.0,20,28
21395,145.0,4.0,21,29
24895,145.0,4.0,20,28
24095,145.0,4.0,21,29
22195,145.0,4.0,20,23
21395,145.0,4.0,21,29
33250,280.0,6.0,16,22
33800,298.0,6.0,17,24
33200,280.0,6.0,17,23
31450,280.0,6.0,17,23
31200,298.0,6.0,17,24
33450,275.0,6.0,16,23
33450,306.0,6.0,17,24
33950,306.0,6.0,17,23
34050,293.0,6.0,17,23
31900,306.0,6.0,17,24
31450,306.0,6.0,17,24
32250,306.0,6.0,17,25
32250,306.0,6.0,17,24
34750,306.0,6.0,17,23
32700,306.0,6.0,17,24
33050,306.0,6.0,17,25
46950,325.0,6.0,16,24
54900,325.0,6.0,17,25
44350,325.0,6.0,17,25
37500,330.0,6.0,19,27
36050,330.0,6.0,19,27
39150,330.0,6.0,18,25
50550,330.0,6.0,19,27
40400,330.0,6.0,17,25
43350,328.0,6.0,19,27
33250,328.0,6.0,19,27
36050,328.0,6.0,18,25
43550,328.0,6.0,18,25
37000,328.0,6.0,17,25
34450,328.0,6.0,19,27
35650,330.0,6.0,18,24
36200,330.0,6.0,17,26
34900,330.0,6.0,18,24
33700,328.0,6.0,18,26
33250,328.0,6.0,18,26
34250,328.0,6.0,17,25
43850,325.0,6.0,17,25
35750,328.0,6.0,18,25
38700,330.0,6.0,18,25
37000,330.0,6.0,17,25
35900,330.0,6.0,18,26
43900,325.0,6.0,16,24
36650,330.0,6.0,18,26
14335,106.0,4.0,27,34
14775,148.0,4.0,22,31
18425,173.0,4.0,22,31
19850,171.0,4.0,22,32
15675,148.0,4.0,24,33
16980,155.0,4.0,25,37
20280,155.0,4.0,25,35
30210,217.0,6.0,17,26
26755,252.0,6.0,17,26
23100,219.0,6.0,17,26
26960,252.0,6.0,17,26
18765,164.0,4.0,22,30
20290,164.0,4.0,22,30
23100,219.0,6.0,17,26
28580,252.0,6.0,17,26
19275,164.0,4.0,22,30
24180,221.0,6.0,17,26
28960,252.0,6.0,17,26
24710,219.0,6.0,17,26
22220,164.0,4.0,22,33
32300,217.0,6.0,17,26
20490,164.0,4.0,22,30
21165,164.0,4.0,22,30
29060,252.0,6.0,17,26
24080,221.0,6.0,17,26
28480,252.0,6.0,17,26
24610,219.0,6.0,17,26
31870,221.0,6.0,17,26
21275,164.0,4.0,22,30
41400,311.0,6.0,18,28
54550,420.0,8.0,15,23
43900,311.0,6.0,16,25
29310,361.0,8.0,15,24
26910,256.0,6.0,17,25
31755,355.0,8.0,15,24
28250,256.0,6.0,17,25
37610,415.0,8.0,13,20
21599,160.0,4.0,21,30
23999,160.0,4.0,21,30
21599,160.0,4.0,21,30
23999,160.0,4.0,21,30
21899,160.0,4.0,21,30
24299,160.0,4.0,21,30
248000,570.0,10.0,12,20
225400,560.0,10.0,12,20
187900,550.0,10.0,12,20
237600,570.0,10.0,12,20
191900,550.0,10.0,13,20
202000,560.0,10.0,12,20
202000,560.0,10.0,13,20
225400,560.0,10.0,13,20
248000,570.0,10.0,13,20
191900,550.0,10.0,12,20
237600,570.0,10.0,13,20
209500,550.0,10.0,12,20
209500,550.0,10.0,12,20
191900,550.0,10.0,14,20
251600,570.0,10.0,13,20
191900,550.0,10.0,12,20
198900,560.0,10.0,15,20
256300,570.0,10.0,13,20
202000,560.0,10.0,13,20
241200,570.0,10.0,13,20
251600,570.0,10.0,14,20
241200,570.0,10.0,13,20
202000,560.0,10.0,14,20
225400,560.0,10.0,13,20
225400,560.0,10.0,13,20
29350,348.0,6.0,16,24
32150,348.0,6.0,16,25
26350,274.0,4.0,17,27
34600,348.0,6.0,16,25
29300,274.0,4.0,17,27
33400,348.0,6.0,16,24
27200,274.0,4.0,19,27
27950,348.0,6.0,16,25
26750,348.0,6.0,16,24
34600,348.0,6.0,16,25
33400,348.0,6.0,16,24
29500,348.0,6.0,16,24
26950,348.0,6.0,17,24
34950,348.0,6.0,16,25
28150,348.0,6.0,16,25
29900,348.0,6.0,17,24
33750,348.0,6.0,17,24
35200,333.0,6.0,18,27
47400,429.0,8.0,15,23
51500,420.0,8.0,15,23
38000,311.0,6.0,18,29
40500,311.0,6.0,16,25
41250,311.0,6.0,16,25
38750,311.0,6.0,18,29
53850,420.0,8.0,15,23
77900,404.0,6.0,15,25
69800,345.0,6.0,15,25
76050,404.0,6.0,16,24
70600,345.0,6.0,17,24
78550,404.0,6.0,16,24
77200,404.0,6.0,16,24
79700,404.0,6.0,16,24
71600,345.0,6.0,17,24
286750,563.0,12.0,13,21
319400,563.0,12.0,13,21
295850,563.0,12.0,13,21
329325,563.0,12.0,13,21
250000,563.0,12.0,13,20
290000,563.0,12.0,13,20
296000,563.0,12.0,13,21
256650,563.0,12.0,13,21
263200,563.0,12.0,13,21
303300,563.0,12.0,13,21
63000,240.0,6.0,19,26
64550,362.0,8.0,14,19
88600,429.0,8.0,13,18
118160,550.0,8.0,13,17
119450,550.0,8.0,13,17
89950,429.0,8.0,13,18
65200,362.0,6.0,17,21
63600,240.0,6.0,19,26
89950,429.0,8.0,13,18
63600,240.0,6.0,19,26
65200,362.0,6.0,17,21
119450,550.0,8.0,13,17
31300,208.0,4.0,25,35
33300,208.0,4.0,24,32
48300,355.0,4.0,23,29
49580,375.0,4.0,22,29
32500,208.0,4.0,25,35
34500,208.0,4.0,24,32
49900,375.0,4.0,22,28
32850,208.0,4.0,24,33
34850,208.0,4.0,23,31
38950,241.0,4.0,22,28
40950,241.0,4.0,21,28
39150,241.0,4.0,22,28
41150,241.0,4.0,21,28
65100,362.0,6.0,17,23
109300,577.0,8.0,14,18
69650,362.0,6.0,17,23
110650,577.0,8.0,14,18
64600,329.0,6.0,18,22
99950,550.0,8.0,13,17
51100,302.0,6.0,18,24
107100,577.0,8.0,13,17
52500,201.0,4.0,22,29
53600,302.0,6.0,17,22
108840,577.0,8.0,13,17
101690,550.0,8.0,13,17
65650,329.0,6.0,18,23
52000,302.0,6.0,18,23
54500,302.0,6.0,18,22
25375,200.0,4.0,22,29
24300,200.0,4.0,20,29
24770,200.0,4.0,21,31
25870,200.0,4.0,22,29
26895,200.0,4.0,24,32
25795,200.0,4.0,22,33
26695,200.0,4.0,22,33
24845,200.0,4.0,24,32
27795,200.0,4.0,24,32
23745,200.0,4.0,22,33
37090,302.0,6.0,19,25
39090,302.0,6.0,19,24
38590,200.0,4.0,24,33
38980,200.0,4.0,24,33
39480,302.0,6.0,19,24
37480,302.0,6.0,19,25
37900,302.0,6.0,19,25
39900,302.0,6.0,18,25
39400,200.0,4.0,24,33
124100,577.0,8.0,13,17
93850,449.0,8.0,14,18
68700,362.0,6.0,17,22
26950,170.0,4.0,22,30
32890,170.0,4.0,22,30
30530,170.0,4.0,22,30
25850,170.0,4.0,22,30
29430,170.0,4.0,22,30
29280,220.0,4.0,25,34
32640,220.0,4.0,25,33
24785,210.0,4.0,25,34
28885,210.0,4.0,25,33
26280,220.0,4.0,25,34
25885,210.0,4.0,25,33
30380,220.0,4.0,25,33
29880,220.0,4.0,25,34
27380,220.0,4.0,25,33
30980,220.0,4.0,25,33
27980,220.0,4.0,25,33
29485,210.0,4.0,25,33
31540,220.0,4.0,25,34
25385,210.0,4.0,25,34
30045,210.0,4.0,25,34
26880,220.0,4.0,25,34
31145,210.0,4.0,25,33
27785,210.0,4.0,25,34
26485,210.0,4.0,25,33
28385,210.0,4.0,25,34
30620,220.0,4.0,25,33
26095,210.0,4.0,25,33
25595,210.0,4.0,25,34
29125,210.0,4.0,25,33
31220,220.0,4.0,25,33
27090,220.0,4.0,25,34
27590,220.0,4.0,25,33
31630,220.0,4.0,25,34
24995,210.0,4.0,25,34
30135,210.0,4.0,25,34
31235,210.0,4.0,25,33
32730,220.0,4.0,25,33
29725,210.0,4.0,25,33
28025,210.0,4.0,25,34
26490,220.0,4.0,25,34
30120,220.0,4.0,25,34
28625,210.0,4.0,25,34
26695,210.0,4.0,25,33
29520,220.0,4.0,25,34
28190,220.0,4.0,25,33
35195,220.0,4.0,24,32
25595,210.0,4.0,24,34
27995,220.0,4.0,24,34
34095,220.0,4.0,24,34
26095,210.0,4.0,24,32
26695,210.0,4.0,24,32
31990,220.0,4.0,24,32
30890,220.0,4.0,24,34
24995,210.0,4.0,24,34
29095,220.0,4.0,24,32
39090,292.0,4.0,23,30
36595,292.0,4.0,23,30
36750,292.0,4.0,23,30
38995,292.0,4.0,23,30
35650,292.0,4.0,22,31
37895,292.0,4.0,22,31
36755,292.0,4.0,23,30
35655,292.0,4.0,22,31
39375,292.0,4.0,22,31
40475,292.0,4.0,23,30
31445,150.0,4.0,31,42
22495,170.0,4.0,25,35
27995,150.0,4.0,31,43
21395,170.0,4.0,25,36
29345,170.0,4.0,25,35
26995,170.0,4.0,25,36
30345,150.0,4.0,31,43
24595,150.0,4.0,31,43
25695,150.0,4.0,31,42
29095,150.0,4.0,31,42
24995,170.0,4.0,25,35
27025,170.0,4.0,25,35
29385,170.0,4.0,25,35
22725,170.0,4.0,25,35
21625,170.0,4.0,25,36
22680,170.0,4.0,25,34
27030,170.0,4.0,25,34
21580,170.0,4.0,25,35
29970,170.0,4.0,25,34
26995,150.0,4.0,31,43
19295,170.0,4.0,25,37
23445,150.0,4.0,31,43
21295,170.0,4.0,25,37
17995,170.0,4.0,25,37
28395,150.0,4.0,30,45
24895,170.0,4.0,25,36
20995,170.0,4.0,25,36
29495,150.0,4.0,31,43
27395,170.0,4.0,25,36
22345,150.0,4.0,30,45
25895,150.0,4.0,30,45
22395,170.0,4.0,25,36
20395,170.0,4.0,25,36
20675,170.0,4.0,25,36
27425,170.0,4.0,25,36
19595,170.0,4.0,25,36
22625,170.0,4.0,25,36
18495,170.0,4.0,25,37
25225,170.0,4.0,25,36
20175,170.0,4.0,25,37
19575,170.0,4.0,25,37
21275,170.0,4.0,25,36
20995,170.0,4.0,25,35
22695,170.0,4.0,25,35
21595,170.0,4.0,25,36
19895,170.0,4.0,25,36
22940,175.0,6.0,18,27
21690,175.0,6.0,18,27
17070,140.0,4.0,22,30
21240,170.0,6.0,18,27
22940,175.0,6.0,18,27
21690,175.0,6.0,18,27
18890,140.0,4.0,22,30
17070,140.0,4.0,23,33
23530,175.0,6.0,18,27
22280,175.0,6.0,18,27
23530,175.0,6.0,18,27
21830,170.0,6.0,18,27
19555,140.0,4.0,23,33
22280,175.0,6.0,18,27
23750,175.0,6.0,18,27
22500,175.0,6.0,18,27
20090,140.0,4.0,22,31
30995,283.0,6.0,17,25
27395,283.0,6.0,17,25
21795,283.0,6.0,17,25
24245,283.0,6.0,17,25
28395,283.0,6.0,17,25
25245,283.0,6.0,17,25
25095,283.0,6.0,17,25
22595,283.0,6.0,17,25
28295,283.0,6.0,17,25
31495,283.0,6.0,17,25
26195,283.0,6.0,17,25
29395,283.0,6.0,17,25
29395,283.0,6.0,17,25
26695,283.0,6.0,17,25
32395,283.0,6.0,17,25
23995,283.0,6.0,17,25
24330,260.0,6.0,17,26
27330,303.0,8.0,16,25
21330,200.0,6.0,18,28
28815,303.0,8.0,16,25
24735,260.0,6.0,17,26
21815,200.0,6.0,18,28
22210,200.0,6.0,18,28
29325,303.0,8.0,16,25
23449,166.0,4.0,19,25
24949,166.0,4.0,19,23
19299,166.0,4.0,19,26
22549,166.0,4.0,19,23
22899,166.0,4.0,19,23
21099,166.0,4.0,19,25
23949,166.0,4.0,19,23
21399,166.0,4.0,19,25
25249,166.0,4.0,19,23
22299,166.0,4.0,19,25
19499,166.0,4.0,19,26
22849,166.0,4.0,19,23
23749,166.0,4.0,19,25
23799,166.0,4.0,19,23
25949,166.0,4.0,19,23
22349,166.0,4.0,19,25
19949,166.0,4.0,19,26
24449,166.0,4.0,19,25
2169,158.0,6.0,16,23
2266,158.0,6.0,16,23
2000,150.0,6.0,17,24
2048,150.0,6.0,17,24
2000,150.0,6.0,17,22
2055,158.0,6.0,16,22
2152,158.0,6.0,16,22
2234,158.0,6.0,16,22
2331,158.0,6.0,16,23
2267,158.0,6.0,16,23
98172,395.0,8.0,11,16
98872,401.0,8.0,11,18
104122,401.0,8.0,11,18
99900,401.0,8.0,11,18
143300,454.0,8.0,13,20
153400,454.0,8.0,13,20
138800,444.0,8.0,13,20
161070,454.0,8.0,13,20
182009,454.0,8.0,13,20
150465,454.0,8.0,13,20
145740,444.0,8.0,13,20
161070,454.0,8.0,13,20
150465,454.0,8.0,13,20
145740,444.0,8.0,13,20
182009,454.0,8.0,13,20
143400,454.0,8.0,13,21
126500,454.0,8.0,13,21
132825,454.0,8.0,13,21
165627,454.0,8.0,13,21
150570,454.0,8.0,13,21
150570,454.0,8.0,13,21
132825,454.0,8.0,13,21
165627,454.0,8.0,13,21
53285,241.0,4.0,21,30
45615,241.0,4.0,22,33
46310,241.0,4.0,22,32
53980,241.0,4.0,21,30
38875,220.0,6.0,16,23
38875,220.0,6.0,16,23
43150,245.0,6.0,19,27
45100,245.0,6.0,19,25
55070,306.0,6.0,19,29
48600,306.0,6.0,19,29
57330,306.0,6.0,19,26
50850,306.0,6.0,19,26
50000,311.0,6.0,20,29
54115,311.0,6.0,19,28
50470,311.0,6.0,19,26
50695,311.0,6.0,20,28
54810,311.0,6.0,19,27
50365,311.0,6.0,19,26
56555,311.0,6.0,19,26
3542,300.0,8.0,15,21
3741,300.0,8.0,16,22
3965,300.0,8.0,16,22
47975,300.0,8.0,16,22
51375,300.0,8.0,16,23
52375,290.0,8.0,16,23
60430,338.0,6.0,29,34
61330,338.0,6.0,29,34
63080,338.0,6.0,29,34
53470,342.0,8.0,17,24
54070,342.0,8.0,17,24
55370,342.0,8.0,17,24
84440,467.0,8.0,16,24
111510,545.0,6.0,16,23
115710,545.0,6.0,16,23
101770,545.0,6.0,16,23
149990,600.0,6.0,16,23
111510,545.0,6.0,16,22
149990,600.0,6.0,16,22
101770,545.0,6.0,16,22
109990,565.0,6.0,16,22
149995,550.0,8.0,12,19
149995,550.0,8.0,12,19
26275,200.0,4.0,21,31
31695,200.0,4.0,24,33
24595,200.0,4.0,21,31
25095,200.0,4.0,24,33
27375,200.0,4.0,24,33
29995,200.0,4.0,21,31
29545,200.0,4.0,24,33
27845,200.0,4.0,21,31
31095,200.0,4.0,24,33
28445,200.0,4.0,21,31
28945,200.0,4.0,24,33
23995,200.0,4.0,21,31
25695,200.0,4.0,24,33
26875,200.0,4.0,21,31
30595,200.0,4.0,21,31
27975,200.0,4.0,24,33
29895,200.0,4.0,24,33
29695,200.0,4.0,21,31
30795,200.0,4.0,24,33
25300,200.0,4.0,24,33
24200,200.0,4.0,21,31
25895,200.0,4.0,24,33
30995,200.0,4.0,21,31
30395,200.0,4.0,21,31
28795,200.0,4.0,21,31
25095,200.0,4.0,21,31
28395,200.0,4.0,24,33
27295,200.0,4.0,21,31
28195,200.0,4.0,21,31
31495,200.0,4.0,24,33
24795,200.0,4.0,21,31
26195,200.0,4.0,24,33
32095,200.0,4.0,24,33
27895,200.0,4.0,24,33
29295,200.0,4.0,24,33
26795,200.0,4.0,21,31
26195,200.0,4.0,24,33
29695,200.0,4.0,21,31
25095,200.0,4.0,21,31
30795,200.0,4.0,24,33
31795,350.0,8.0,15,20
32295,400.0,8.0,14,19
31290,400.0,8.0,14,19
49485,301.0,8.0,15,20
61115,301.0,8.0,15,20
50780,301.0,8.0,15,20
62155,301.0,8.0,15,20
51280,301.0,8.0,15,18
62980,301.0,8.0,15,18
46635,263.0,8.0,14,18
47315,263.0,8.0,14,18
47615,263.0,8.0,14,18
39290,242.0,5.0,13,18
30995,242.0,5.0,13,18
39560,300.0,8.0,13,16
33390,242.0,5.0,14,18
43130,242.0,5.0,14,18
41705,300.0,8.0,13,16
41705,300.0,8.0,13,16
33390,239.0,5.0,14,18
38365,239.0,5.0,14,18
35960,239.0,5.0,14,18
30750,239.0,5.0,14,18
36015,300.0,8.0,13,16
39205,300.0,8.0,13,16
30915,239.0,5.0,14,18
36355,239.0,5.0,14,18
35680,300.0,8.0,13,16
33485,239.0,5.0,14,18
20720,155.0,4.0,22,30
25135,260.0,4.0,21,29
18720,155.0,4.0,22,32
24815,260.0,4.0,21,29
19030,155.0,4.0,22,32
21030,155.0,4.0,22,30
20030,155.0,4.0,22,32
18720,155.0,4.0,22,32
26255,260.0,4.0,21,29
19720,155.0,4.0,22,32
19030,155.0,4.0,22,32
18720,155.0,4.0,22,32
19030,155.0,4.0,22,32
19720,155.0,4.0,22,32
47300,280.0,6.0,27,28
49790,280.0,6.0,27,28
47850,280.0,6.0,27,28
50340,280.0,6.0,27,28
50485,280.0,6.0,27,28
47870,280.0,6.0,27,28
34750,270.0,6.0,18,24
31070,270.0,6.0,19,25
44140,270.0,6.0,18,24
38050,270.0,6.0,18,24
41650,270.0,6.0,18,24
42680,270.0,6.0,19,25
32530,270.0,6.0,18,24
29765,185.0,4.0,20,25
33290,270.0,6.0,19,25
36590,270.0,6.0,19,25
40190,270.0,6.0,19,25
34395,270.0,6.0,19,25
38775,270.0,6.0,18,24
30490,185.0,4.0,20,25
42375,270.0,6.0,18,24
44990,270.0,6.0,18,24
33475,270.0,6.0,18,24
43530,270.0,6.0,19,25
32015,270.0,6.0,19,25
40915,270.0,6.0,19,25
35855,270.0,6.0,18,24
37315,270.0,6.0,19,25
2000,93.0,4.0,22,31
22065,141.0,4.0,28,35
23365,141.0,4.0,27,32
20015,141.0,4.0,28,35
25990,141.0,4.0,27,32
21315,141.0,4.0,27,32
24690,141.0,4.0,28,35
19215,141.0,4.0,25,34
21265,141.0,4.0,25,34
22215,141.0,4.0,28,34
23515,141.0,4.0,27,31
20165,141.0,4.0,28,34
26140,141.0,4.0,27,31
24840,141.0,4.0,28,34
19365,141.0,4.0,25,33
21465,141.0,4.0,27,31
21415,141.0,4.0,25,33
34650,187.0,4.0,35,34
37420,187.0,4.0,35,34
39100,187.0,4.0,35,34
36330,187.0,4.0,35,34
39800,187.0,4.0,35,34
37030,187.0,4.0,35,34
237250,610.0,10.0,14,20
238500,610.0,10.0,14,21
262350,610.0,10.0,14,20
199800,580.0,10.0,14,21
22995,239.0,6.0,126,99
22995,66.0,6.0,126,99
22995,66.0,6.0,121,102
2288,190.0,6.0,18,25
2433,190.0,6.0,19,24
2648,227.0,6.0,17,25
2552,227.0,6.0,17,25
31790,227.0,6.0,17,24
29715,227.0,6.0,17,24
28750,255.0,6.0,17,24
29100,255.0,6.0,17,24
30600,255.0,6.0,17,24
42400,170.0,0.0,137,111
42400,170.0,0.0,137,111
42400,170.0,0.0,137,111
43600,170.0,0.0,129,106
16800,106.0,4.0,33,42
15700,106.0,4.0,31,41
28900,111.0,4.0,39,38
34600,111.0,4.0,39,38
29350,201.0,4.0,22,31
31750,150.0,4.0,24,35
29350,150.0,4.0,24,35
27050,150.0,4.0,24,35
34890,201.0,4.0,25,36
29900,201.0,4.0,25,36
29200,201.0,4.0,25,36
31890,201.0,4.0,25,36
32900,201.0,4.0,25,36
27900,201.0,4.0,25,36
32990,201.0,4.0,25,35
29290,201.0,4.0,25,35
31980,201.0,4.0,25,35
34980,201.0,4.0,25,35
27990,201.0,4.0,25,35
29990,201.0,4.0,25,35
26840,300.0,6.0,18,30
25830,300.0,6.0,18,30
30535,300.0,6.0,18,30
26840,300.0,6.0,18,30
25830,300.0,6.0,18,30
30535,300.0,6.0,18,30
26840,300.0,6.0,18,30
30535,300.0,6.0,18,30
25830,300.0,6.0,18,30
34465,195.0,4.0,21,31
27060,195.0,4.0,21,31
40660,239.0,6.0,17,25
35440,305.0,6.0,19,29
30285,305.0,6.0,19,29
29310,195.0,4.0,21,31
37535,239.0,6.0,17,25
40810,239.0,6.0,17,25
35540,305.0,6.0,19,29
37570,239.0,6.0,17,25
30435,305.0,6.0,19,29
27095,195.0,4.0,22,31
29460,195.0,4.0,22,31
35645,305.0,6.0,19,28
37675,239.0,6.0,17,25
40915,239.0,6.0,17,25
2000,150.0,6.0,15,23
2000,150.0,6.0,16,23
2000,150.0,6.0,17,24
28295,265.0,4.0,19,25
29295,265.0,4.0,19,25
36295,305.0,4.0,17,23
37645,305.0,4.0,17,23
34295,305.0,4.0,17,23
25795,265.0,4.0,19,25
29295,265.0,4.0,19,25
28295,265.0,4.0,19,25
25795,265.0,4.0,19,25
28495,265.0,4.0,19,25
29495,265.0,4.0,19,25
34495,305.0,4.0,17,23
25995,265.0,4.0,19,25
36495,305.0,4.0,17,23
25995,265.0,4.0,19,25
37845,305.0,4.0,17,23
28495,265.0,4.0,19,25
29495,265.0,4.0,19,25
21495,148.0,4.0,28,37
23295,148.0,4.0,27,36
20995,148.0,4.0,24,33
20995,148.0,4.0,28,37
22795,148.0,4.0,28,37
19695,148.0,4.0,28,37
18695,148.0,4.0,25,34
18195,148.0,4.0,25,34
22295,148.0,4.0,28,37
21995,148.0,4.0,27,36
19195,148.0,4.0,28,37
18295,148.0,4.0,25,34
21095,148.0,4.0,24,33
22095,148.0,4.0,28,37
21095,148.0,4.0,28,37
21595,148.0,4.0,28,37
19795,148.0,4.0,28,37
23595,148.0,4.0,28,37
19295,148.0,4.0,28,37
18795,148.0,4.0,25,34
22595,148.0,4.0,28,37
23095,148.0,4.0,28,37
18395,152.0,4.0,28,38
18895,152.0,4.0,28,37
21695,152.0,4.0,28,37
21195,152.0,4.0,28,38
24595,152.0,4.0,28,37
24095,152.0,4.0,28,38
22795,152.0,4.0,27,36
21995,152.0,4.0,27,36
19895,152.0,4.0,28,37
23295,152.0,4.0,27,35
19395,152.0,4.0,28,38
22495,152.0,4.0,27,35
18460,137.0,4.0,27,36
19200,137.0,4.0,28,37
23690,98.0,4.0,41,44
18500,98.0,4.0,41,44
20275,98.0,4.0,41,44
21965,98.0,4.0,41,44
22065,98.0,4.0,41,44
20375,98.0,4.0,41,44
23790,98.0,4.0,41,44
18600,98.0,4.0,41,44
22190,98.0,4.0,41,44
23915,98.0,4.0,41,44
18725,98.0,4.0,41,44
20500,98.0,4.0,41,44
2827,140.0,4.0,22,29
3000,140.0,4.0,22,29
2912,140.0,4.0,22,29
3381,170.0,4.0,22,28
3355,170.0,4.0,22,28
2799,140.0,4.0,22,29
3130,140.0,4.0,22,28
3012,140.0,4.0,22,28
3622,170.0,4.0,22,28
3652,170.0,4.0,22,28
3222,140.0,4.0,22,28
7398,195.0,4.0,22,28
3086,140.0,4.0,22,28
22600,170.0,4.0,22,28
21050,140.0,4.0,22,28
19400,140.0,4.0,22,28
20200,140.0,4.0,21,28
21600,140.0,4.0,22,28
21850,140.0,4.0,21,28
21000,140.0,4.0,21,28
22400,140.0,4.0,21,28
24450,195.0,4.0,22,28
20200,140.0,4.0,22,28
22300,170.0,4.0,22,28
27055,244.0,6.0,16,24
20810,200.0,6.0,18,26
22970,234.0,6.0,16,24
24875,244.0,6.0,17,25
21155,200.0,6.0,19,27
25415,234.0,6.0,17,25
25105,244.0,6.0,16,25
21385,200.0,6.0,19,27
2233,215.0,6.0,17,26
2484,215.0,6.0,17,26
2290,215.0,6.0,17,26
22515,215.0,6.0,17,26
26635,215.0,6.0,17,26
24270,215.0,6.0,17,26
28070,215.0,6.0,18,27
24580,215.0,6.0,18,27
23160,215.0,6.0,18,27
15495,94.0,4.0,36,37
17850,94.0,4.0,36,37
15665,94.0,4.0,36,37
15665,94.0,4.0,36,37
37325,241.0,4.0,22,33
37825,241.0,4.0,22,32
42610,204.0,6.0,21,30
42860,204.0,6.0,21,30
43360,204.0,6.0,21,30
35065,204.0,6.0,21,30
37525,204.0,6.0,21,27
36100,204.0,6.0,21,30
38635,204.0,6.0,20,27
36550,204.0,6.0,21,30
41440,204.0,6.0,21,30
39085,204.0,6.0,20,27
43690,204.0,6.0,20,27
31105,215.0,6.0,16,23
31105,215.0,6.0,16,23
29735,215.0,6.0,16,23
39700,255.0,6.0,19,26
40200,255.0,6.0,19,26
46890,306.0,6.0,19,27
47140,306.0,6.0,19,27
47640,306.0,6.0,19,27
39615,306.0,6.0,19,28
41850,306.0,6.0,19,26
40065,306.0,6.0,19,28
42300,306.0,6.0,19,26
43035,306.0,6.0,19,26
40870,306.0,6.0,19,28
61300,416.0,8.0,16,23
61750,416.0,8.0,16,23
63600,416.0,8.0,16,23
2000,210.0,6.0,16,22
2000,210.0,6.0,16,22
2081,210.0,6.0,16,22
2032,210.0,6.0,16,22
2000,210.0,6.0,16,22
25270,210.0,4.0,24,32
26195,200.0,4.0,22,33
24170,210.0,4.0,22,33
29525,210.0,4.0,24,32
27295,200.0,4.0,24,32
28200,200.0,4.0,22,33
26420,210.0,4.0,22,33
27520,210.0,4.0,24,32
29300,200.0,4.0,24,32
25045,200.0,4.0,24,32
28425,210.0,4.0,22,33
23945,200.0,4.0,22,33
24535,210.0,4.0,23,33
30875,210.0,4.0,24,32
28555,210.0,4.0,24,32
29775,210.0,4.0,23,33
28855,210.0,4.0,23,33
27925,210.0,4.0,24,32
27455,210.0,4.0,23,33
25635,210.0,4.0,24,32
26825,210.0,4.0,23,33
29955,210.0,4.0,24,32
26990,170.0,4.0,42,48
24995,170.0,4.0,42,48
29325,170.0,4.0,42,48
31180,170.0,4.0,42,48
31895,170.0,4.0,42,48
25560,170.0,4.0,42,48
27645,170.0,4.0,42,48
30245,170.0,4.0,42,48
24210,170.0,5.0,24,31
21295,170.0,5.0,24,31
28120,140.0,4.0,30,42
20195,170.0,5.0,23,33
28390,140.0,4.0,29,39
29220,140.0,4.0,29,39
25960,170.0,5.0,24,31
26640,140.0,4.0,29,39
25540,140.0,4.0,30,42
27290,140.0,4.0,30,42
21695,170.0,5.0,24,31
29495,140.0,4.0,29,39
20595,170.0,5.0,23,33
28395,140.0,4.0,30,42
26895,140.0,4.0,29,39
28695,140.0,4.0,29,39
24395,170.0,5.0,24,31
26195,170.0,5.0,24,31
27595,140.0,4.0,30,42
25795,140.0,4.0,30,42
20995,170.0,5.0,23,33
27665,140.0,4.0,29,39
30265,140.0,4.0,29,39
29165,140.0,4.0,30,42
26685,170.0,5.0,23,30
24885,170.0,5.0,23,30
22095,170.0,5.0,23,30
26565,140.0,4.0,30,42
29465,140.0,4.0,29,39
28365,140.0,4.0,30,42
22325,170.0,4.0,25,37
29280,210.0,4.0,23,33
23650,170.0,4.0,25,37
25380,170.0,4.0,25,37
25175,150.0,4.0,31,45
26920,210.0,4.0,23,33
20895,170.0,4.0,25,37
21640,150.0,4.0,31,46
28020,210.0,4.0,24,32
22740,150.0,4.0,31,45
30380,210.0,4.0,24,32
24075,150.0,4.0,31,46
16215,115.0,4.0,25,34
17325,115.0,4.0,25,34
20095,170.0,4.0,25,37
18995,170.0,4.0,25,37
26410,150.0,4.0,31,46
31670,170.0,4.0,42,48
18425,115.0,4.0,23,34
27510,150.0,4.0,31,45
19420,115.0,4.0,23,34
18320,115.0,4.0,25,34
21995,170.0,4.0,25,37
22325,150.0,4.0,28,39
23650,170.0,4.0,25,36
29280,210.0,4.0,23,33
19775,150.0,4.0,28,39
25380,170.0,4.0,25,36
28020,210.0,4.0,24,33
26920,210.0,4.0,23,33
18675,150.0,4.0,28,39
21995,170.0,4.0,25,36
18995,150.0,4.0,28,39
20095,150.0,4.0,28,39
20895,170.0,4.0,25,37
31120,170.0,4.0,42,48
17680,150.0,4.0,28,39
18780,150.0,4.0,28,39
30380,210.0,4.0,24,33
28995,210.0,4.0,24,33
21995,150.0,4.0,28,38
20895,150.0,4.0,28,40
18995,150.0,4.0,28,38
17895,150.0,4.0,28,40
24995,170.0,4.0,25,35
27895,210.0,4.0,23,33
2347,190.0,6.0,13,16
2554,190.0,6.0,14,19
2590,190.0,6.0,14,19
2182,190.0,6.0,14,19
2691,190.0,6.0,14,19
2317,190.0,6.0,14,19
2368,190.0,6.0,14,19
2377,190.0,6.0,14,19
2251,190.0,6.0,14,19
2038,190.0,6.0,15,21
2407,190.0,6.0,15,20
2463,190.0,6.0,13,16
2773,190.0,6.0,14,18
2756,190.0,6.0,15,20
2590,190.0,6.0,15,20
2916,190.0,6.0,14,18
2322,190.0,6.0,15,21
2623,190.0,6.0,15,20
2655,190.0,6.0,14,18
2578,190.0,6.0,14,18
26770,190.0,6.0,15,20
22270,190.0,6.0,13,16
25170,190.0,6.0,14,18
31925,190.0,6.0,14,18
19270,190.0,6.0,14,20
22170,190.0,6.0,15,20
30225,190.0,6.0,14,18
28225,190.0,6.0,15,20
33920,190.0,6.0,14,18
28770,190.0,6.0,14,18
29925,190.0,6.0,15,20
33295,283.0,6.0,16,24
27395,283.0,6.0,16,24
28695,283.0,6.0,16,24
26595,173.0,4.0,19,26
23495,173.0,4.0,19,26
29995,283.0,6.0,16,24
25195,173.0,4.0,19,26
20695,173.0,4.0,19,26
31395,283.0,6.0,17,25
27395,173.0,4.0,19,26
26295,173.0,4.0,19,26
26595,283.0,6.0,16,24
33695,283.0,6.0,16,24
28395,283.0,6.0,16,24
31795,283.0,6.0,17,25
30895,283.0,6.0,16,24
20995,173.0,4.0,19,26
24895,173.0,4.0,19,26
29795,283.0,6.0,16,24
20995,173.0,4.0,19,25
33695,283.0,6.0,16,24
26295,173.0,4.0,19,25
29795,283.0,6.0,16,24
31795,283.0,6.0,17,25
30995,283.0,6.0,16,24
26595,283.0,6.0,16,24
27495,173.0,4.0,19,25
28395,283.0,6.0,16,24
24895,173.0,4.0,19,25
25240,188.0,4.0,28,32
28020,215.0,4.0,25,31
30020,211.0,4.0,25,29
26940,188.0,4.0,26,31
20250,188.0,4.0,28,32
22300,188.0,4.0,28,32
24150,188.0,4.0,26,31
22100,188.0,4.0,26,31
27230,188.0,4.0,26,31
24830,188.0,4.0,28,34
24830,188.0,4.0,28,34
22100,188.0,4.0,26,31
28020,211.0,4.0,25,31
22300,188.0,4.0,28,32
24150,188.0,4.0,26,31
26940,188.0,4.0,26,31
30020,215.0,4.0,25,29
20250,188.0,4.0,28,32
27230,188.0,4.0,26,31
25240,188.0,4.0,28,32
28020,215.0,4.0,26,31
24830,188.0,4.0,27,33
30020,211.0,4.0,25,29
27230,188.0,4.0,26,30
26940,188.0,4.0,26,30
24400,188.0,4.0,26,30
22100,188.0,4.0,26,30
20250,188.0,4.0,28,32
22550,188.0,4.0,28,32
25240,188.0,4.0,28,32
2000,73.0,3.0,24,29
2000,73.0,3.0,24,29
2000,66.0,3.0,28,33
2000,73.0,3.0,28,33
2000,73.0,3.0,28,32
2000,73.0,3.0,28,32
2000,73.0,3.0,24,29
2000,73.0,3.0,28,33
2000,73.0,3.0,28,33
2000,73.0,3.0,24,29
41250,265.0,6.0,18,24
42650,265.0,6.0,18,23
59900,420.0,8.0,15,23
54500,420.0,8.0,15,23
49000,311.0,6.0,17,26
61900,420.0,8.0,15,23
54900,311.0,6.0,17,26
21049,180.0,4.0,23,31
22049,180.0,4.0,23,30
24149,180.0,4.0,23,30
27299,180.0,4.0,22,29
23399,180.0,4.0,22,29
24849,185.0,4.0,20,29
23049,185.0,4.0,20,29
25949,180.0,4.0,23,30
22099,180.0,4.0,23,30
25499,180.0,4.0,22,29
18999,185.0,4.0,21,31
23899,180.0,4.0,23,30
25249,180.0,4.0,22,29
27549,180.0,4.0,22,29
22299,180.0,4.0,23,30
23649,180.0,4.0,22,29
25749,180.0,4.0,22,29
24399,180.0,4.0,23,30
18999,185.0,4.0,21,31
26199,180.0,4.0,23,30
25099,185.0,4.0,20,29
20999,180.0,4.0,23,31
22249,185.0,4.0,20,29
22349,180.0,4.0,23,30
25799,180.0,4.0,23,30
21749,180.0,4.0,23,30
23249,180.0,4.0,22,29
28999,180.0,4.0,22,29
19999,185.0,4.0,20,29
27199,180.0,4.0,22,29
35725,182.0,4.0,25,36
31065,304.0,6.0,18,28
40500,304.0,6.0,17,26
39970,304.0,6.0,18,28
33635,182.0,4.0,25,36
38025,304.0,6.0,18,28
38730,304.0,6.0,17,26
34065,304.0,6.0,18,28
40145,304.0,6.0,18,28
38905,304.0,6.0,17,26
35900,304.0,6.0,18,28
33810,304.0,6.0,18,28
40675,304.0,6.0,17,26
38200,304.0,6.0,18,28
31065,304.0,6.0,18,28
36065,310.0,6.0,21,31
38665,310.0,6.0,21,31
43265,310.0,6.0,20,29
32065,310.0,6.0,21,31
41065,310.0,6.0,21,31
37895,291.0,4.0,17,22
34695,291.0,4.0,17,23
38195,291.0,4.0,17,22
34995,291.0,4.0,17,23
37995,303.0,4.0,17,23
34495,291.0,4.0,17,23
38995,291.0,4.0,17,22
21345,168.0,4.0,22,29
18395,148.0,4.0,24,32
18495,148.0,4.0,24,32
21495,168.0,4.0,22,29
21945,168.0,4.0,22,29
18595,148.0,4.0,24,32
17395,148.0,4.0,25,34
29495,237.0,4.0,18,25
20595,168.0,4.0,22,31
21595,168.0,4.0,23,30
20995,168.0,4.0,22,29
18295,148.0,4.0,26,34
18595,148.0,4.0,27,35
20995,168.0,4.0,23,31
17595,148.0,4.0,24,34
23495,168.0,4.0,24,31
22495,168.0,4.0,22,31
19995,168.0,4.0,23,31
21995,168.0,4.0,23,31
20295,168.0,4.0,23,30
21095,168.0,4.0,23,30
18795,148.0,4.0,27,34
17795,148.0,4.0,24,33
22095,168.0,4.0,23,30
80155,381.0,8.0,13,18
83825,381.0,8.0,13,18
84325,381.0,8.0,13,18
1380000,620.0,12.0,10,16
1382750,620.0,12.0,10,16
2000,92.0,4.0,21,29
2000,135.0,4.0,19,26
2000,195.0,4.0,19,26
2000,195.0,4.0,18,23
2000,195.0,4.0,18,23
2000,195.0,4.0,19,26
2000,92.0,4.0,21,29
2000,135.0,4.0,19,26
2000,195.0,4.0,18,23
2000,92.0,4.0,21,29
2000,195.0,4.0,19,26
2000,135.0,4.0,19,26
2000,141.0,6.0,17,26
2000,141.0,6.0,18,26
2000,100.0,4.0,21,26
2000,141.0,6.0,17,24
2000,100.0,4.0,18,24
2000,141.0,6.0,18,26
2000,100.0,4.0,21,26
2000,141.0,6.0,18,26
2000,141.0,6.0,18,26
2000,142.0,6.0,18,24
2000,142.0,6.0,18,26
2000,141.0,6.0,18,26
2000,74.0,4.0,25,34
2000,74.0,4.0,27,36
2000,74.0,4.0,27,36
2000,74.0,4.0,24,34
2000,74.0,4.0,26,37
2000,74.0,4.0,26,37
2000,74.0,4.0,26,37
2000,74.0,4.0,24,34
2000,74.0,4.0,26,37
35020,239.0,0.0,126,101
32000,239.0,0.0,126,101
28980,239.0,0.0,126,101
32100,239.0,0.0,126,101
35120,239.0,0.0,126,101
29010,239.0,0.0,126,101
32000,239.0,0.0,126,101
29010,239.0,0.0,126,101
34200,239.0,0.0,124,101
36790,239.0,0.0,124,101
26495,175.0,4.0,26,36
29595,256.0,6.0,20,28
26795,175.0,4.0,26,36
23495,175.0,4.0,26,36
21995,175.0,4.0,26,36
23795,175.0,4.0,26,36
21695,175.0,4.0,26,36
21745,175.0,4.0,26,36
26845,175.0,4.0,26,36
29945,256.0,6.0,20,29
23845,175.0,4.0,26,36
22045,175.0,4.0,26,36
27145,175.0,4.0,26,36
24145,175.0,4.0,26,36
31640,256.0,6.0,20,28
23995,175.0,4.0,25,34
21995,175.0,4.0,25,34
25995,175.0,4.0,25,34
28840,175.0,4.0,25,34
2000,200.0,6.0,15,23
2060,200.0,6.0,16,23
2042,230.0,6.0,15,23
2000,200.0,6.0,16,23
2000,230.0,6.0,15,23
2181,230.0,6.0,16,24
2028,200.0,6.0,16,23
2063,200.0,6.0,17,22
2066,230.0,6.0,16,24
2384,230.0,6.0,16,24
2356,200.0,6.0,17,22
2506,230.0,6.0,16,24
2265,230.0,6.0,16,24
2144,200.0,6.0,17,22
2135,200.0,6.0,16,23
2066,230.0,6.0,16,24
25645,205.0,6.0,17,27
31420,205.0,6.0,17,27
26040,205.0,6.0,18,27
32085,205.0,6.0,18,27
26725,205.0,6.0,18,27
32385,205.0,6.0,18,27
83000,424.0,6.0,14,19
72000,345.0,6.0,14,20
375000,552.0,10.0,11,16
2000,253.0,6.0,16,24
2087,253.0,6.0,16,24
28680,253.0,6.0,16,24
2000,90.0,4.0,22,28
2000,90.0,4.0,22,29
2000,90.0,4.0,21,26
2000,90.0,4.0,21,26
2000,90.0,4.0,22,28
2000,90.0,4.0,21,26
2000,90.0,4.0,22,29
2000,90.0,4.0,21,26
2000,90.0,4.0,21,26
36400,240.0,4.0,17,24
41500,240.0,4.0,17,24
38900,240.0,4.0,17,24
36600,240.0,4.0,17,24
39100,240.0,4.0,17,24
41700,240.0,4.0,17,24
36600,240.0,4.0,17,24
39100,240.0,4.0,17,24
41700,240.0,4.0,17,24
48525,300.0,8.0,12,17
54025,300.0,8.0,12,17
45975,300.0,8.0,12,17
49700,340.0,6.0,14,19
59900,340.0,6.0,14,19
54600,340.0,6.0,14,19
69279,340.0,6.0,14,19
60600,340.0,6.0,14,19
50400,340.0,6.0,14,19
55300,340.0,6.0,14,19
50400,340.0,6.0,15,19
55300,340.0,6.0,15,19
60600,340.0,6.0,15,19
4207,290.0,8.0,17,23
4556,290.0,8.0,16,23
5035,290.0,8.0,16,23
55375,290.0,8.0,16,23
56225,290.0,8.0,16,23
56525,278.0,8.0,16,23
82305,360.0,8.0,16,23
84500,386.0,8.0,16,24
78820,386.0,8.0,16,24
72520,386.0,8.0,16,24
75465,360.0,8.0,16,23
87500,360.0,8.0,16,23
75465,360.0,8.0,16,23
78820,386.0,8.0,16,24
72520,386.0,8.0,16,24
82305,360.0,8.0,16,23
82305,359.0,8.0,16,23
72520,386.0,8.0,16,24
78820,386.0,8.0,16,24
75465,359.0,8.0,16,23
120060,438.0,8.0,19,23
120440,438.0,8.0,19,23
120440,438.0,8.0,19,23
36770,232.0,6.0,17,24
43370,280.0,8.0,15,23
36140,232.0,6.0,17,24
39970,280.0,8.0,15,23
32370,232.0,6.0,17,24
43590,280.0,8.0,16,22
32640,232.0,6.0,17,24
36360,232.0,6.0,17,24
36990,232.0,6.0,17,24
40190,280.0,8.0,16,22
39285,280.0,8.0,16,23
2136,240.0,6.0,16,24
2080,205.0,6.0,17,26
2283,195.0,6.0,17,27
2444,240.0,6.0,16,25
2681,240.0,6.0,16,25
2356,205.0,6.0,17,27
2000,150.0,8.0,15,22
2000,150.0,8.0,15,22
2000,150.0,8.0,15,22
2000,150.0,8.0,15,22
40205,292.0,8.0,15,22
32520,227.0,6.0,17,26
29265,227.0,6.0,17,26
35770,227.0,6.0,17,26
33120,227.0,6.0,17,26
35270,227.0,6.0,17,26
30770,227.0,6.0,17,26
34670,227.0,6.0,17,26
35730,227.0,6.0,17,26
30930,227.0,6.0,17,26
34830,227.0,6.0,17,26
33230,227.0,6.0,17,26
32730,227.0,6.0,17,26
42515,292.0,8.0,15,22
29230,227.0,6.0,17,26
35625,227.0,6.0,17,26
36230,227.0,6.0,17,26
29730,227.0,6.0,17,27
35675,227.0,6.0,17,27
33130,227.0,6.0,17,27
44460,292.0,8.0,15,23
2000,120.0,6.0,17,21
2000,120.0,6.0,17,21
2000,120.0,6.0,17,21
2000,120.0,6.0,17,21
2000,180.0,6.0,17,24
2000,180.0,6.0,17,24
2000,160.0,6.0,17,26
2044,200.0,6.0,17,27
2100,175.0,6.0,18,27
18890,175.0,6.0,18,26
3667,212.0,6.0,12,14
4282,212.0,6.0,12,14
65225,235.0,8.0,12,16
67395,275.0,8.0,12,15
67395,268.0,8.0,12,15
83180,383.0,8.0,12,17
88880,383.0,8.0,13,18
89380,383.0,8.0,13,18
51270,240.0,6.0,20,28
96100,518.0,8.0,13,17
58800,402.0,8.0,14,20
49770,302.0,6.0,18,23
47270,302.0,6.0,18,23
97250,518.0,8.0,13,17
51790,240.0,6.0,20,28
50290,302.0,6.0,17,22
59450,402.0,8.0,14,19
47790,302.0,6.0,18,24
62900,329.0,6.0,18,22
48300,302.0,6.0,18,24
49800,239.0,4.0,22,29
98400,518.0,8.0,13,17
50800,302.0,6.0,17,22
51700,365.0,6.0,18,26
51700,365.0,6.0,18,26
2000,162.0,6.0,17,23
2000,162.0,6.0,17,23
2000,162.0,6.0,17,23
2000,162.0,6.0,17,23
2000,162.0,6.0,17,23
43900,275.0,6.0,16,23
45650,275.0,6.0,16,22
45800,303.0,6.0,17,25
47950,275.0,6.0,16,22
45800,303.0,6.0,17,25
47950,303.0,6.0,16,22
49200,330.0,6.0,17,24
47050,330.0,6.0,18,26
62000,425.0,6.0,17,26
63500,425.0,6.0,17,26
64000,425.0,6.0,17,26
133205,493.0,6.0,16,23
50250,325.0,8.0,16,21
52750,325.0,8.0,14,20
52150,325.0,8.0,16,21
54650,325.0,8.0,14,20
54650,325.0,8.0,14,20
52150,325.0,8.0,16,21
64200,425.0,6.0,17,26
72500,425.0,6.0,17,26
74200,425.0,6.0,17,26
65700,425.0,6.0,17,26
74700,425.0,6.0,17,26
66200,425.0,6.0,17,26
60950,420.0,8.0,16,23
58450,420.0,8.0,16,25
92900,552.0,8.0,14,20
93600,560.0,8.0,14,20
94100,560.0,8.0,14,20
115700,560.0,8.0,14,20
117200,552.0,8.0,14,20
117500,560.0,8.0,14,20
118200,560.0,8.0,14,20
111900,560.0,8.0,14,20
119700,552.0,8.0,14,20
113400,552.0,8.0,14,20
113700,560.0,8.0,14,20
120000,560.0,8.0,15,22
72300,400.0,6.0,17,23
49900,340.0,6.0,17,23
52600,340.0,6.0,17,23
73900,400.0,6.0,17,23
67200,360.0,6.0,17,23
54400,340.0,6.0,17,23
76000,400.0,6.0,17,23
47500,252.0,4.0,20,25
32855,340.0,8.0,15,22
30855,340.0,8.0,15,23
22680,190.0,6.0,18,26
29100,250.0,6.0,15,22
37320,425.0,8.0,13,18
29860,250.0,6.0,15,22
23370,190.0,6.0,18,26
31515,340.0,8.0,15,23
33615,340.0,8.0,15,22
37795,425.0,8.0,13,18
38105,425.0,8.0,13,18
33880,340.0,8.0,15,22
27225,250.0,6.0,17,24
29855,250.0,6.0,15,22
31780,340.0,8.0,15,23
23420,178.0,6.0,18,26
20320,219.0,6.0,18,29
17935,145.0,4.0,22,30
19695,219.0,6.0,18,29
23640,164.0,4.0,24,32
25555,164.0,4.0,26,34
25925,164.0,4.0,26,34
23835,197.0,4.0,24,34
22565,197.0,4.0,24,34
28420,197.0,4.0,24,34
24610,200.0,6.0,20,28
21465,200.0,6.0,20,28
20965,200.0,6.0,20,28
23465,201.0,6.0,20,28
20165,201.0,6.0,20,28
23265,240.0,6.0,16,24
19565,201.0,6.0,20,28
20575,217.0,6.0,18,28
19795,217.0,6.0,18,28
23710,240.0,6.0,15,22
23915,217.0,6.0,18,28
28195,196.0,4.0,25,36
25470,196.0,4.0,25,36
30355,259.0,4.0,21,30
22340,196.0,4.0,25,36
27005,259.0,4.0,21,30
23610,196.0,4.0,25,36
21625,160.0,4.0,27,37
28620,250.0,4.0,22,33
27770,182.0,4.0,47,46
30920,250.0,4.0,22,33
23120,160.0,4.0,27,37
25020,160.0,4.0,27,37
25125,160.0,4.0,27,36
27875,182.0,4.0,49,43
21680,160.0,4.0,27,36
30975,250.0,4.0,22,33
23225,160.0,4.0,27,36
38680,300.0,8.0,13,18
42235,300.0,8.0,12,16
41225,300.0,8.0,12,16
41525,300.0,8.0,12,16
38425,300.0,8.0,12,16
38125,300.0,8.0,12,16
38915,300.0,8.0,12,16
42015,300.0,8.0,13,17
41715,300.0,8.0,13,17
38615,300.0,8.0,12,16
2000,280.0,8.0,16,24
2263,280.0,8.0,16,24
2209,280.0,8.0,16,24
2411,280.0,8.0,15,24
2459,290.0,8.0,15,24
2000,225.0,8.0,15,22
2000,225.0,8.0,15,22
2000,225.0,8.0,15,22
19685,132.0,4.0,25,32
20755,158.0,4.0,21,29
19565,158.0,4.0,21,28
21715,158.0,4.0,20,26
18845,132.0,4.0,26,32
21715,158.0,4.0,20,26
18845,132.0,4.0,26,32
20755,158.0,4.0,21,29
19685,132.0,4.0,25,32
19565,158.0,4.0,21,28
20115,132.0,4.0,25,32
22415,158.0,4.0,20,26
20265,158.0,4.0,21,28
21455,158.0,4.0,21,29
19275,132.0,4.0,26,32
34380,290.0,6.0,19,26
31290,290.0,6.0,19,26
36990,300.0,6.0,22,30
34490,300.0,6.0,22,30
32510,300.0,6.0,22,30
39960,300.0,6.0,22,30
37770,300.0,6.0,22,30
34590,300.0,6.0,21,30
37090,300.0,6.0,21,30
40040,300.0,6.0,21,30
32610,300.0,6.0,21,30
37870,300.0,6.0,21,30
189350,523.0,12.0,13,20
191300,523.0,12.0,13,21
23700,263.0,4.0,18,25
24000,263.0,4.0,18,25
24200,263.0,4.0,18,25
27995,274.0,4.0,17,23
29925,274.0,4.0,17,23
29925,274.0,4.0,17,23
27995,274.0,4.0,17,23
25730,178.0,4.0,18,24
25780,178.0,4.0,18,24
26580,178.0,4.0,18,24
20480,170.0,4.0,21,27
19980,170.0,4.0,21,27
44990,315.0,6.0,15,23
45990,315.0,6.0,15,23
44990,315.0,6.0,17,25
49300,330.0,6.0,14,22
51300,330.0,6.0,14,22
44565,290.0,6.0,18,27
48840,290.0,6.0,18,27
50840,290.0,6.0,18,27
42565,290.0,6.0,20,28
48840,290.0,6.0,20,28
46840,290.0,6.0,20,28
56780,290.0,6.0,18,27
54780,290.0,6.0,20,28
43015,290.0,6.0,19,27
49440,290.0,6.0,19,27
46515,290.0,6.0,18,26
44515,290.0,6.0,19,27
55230,290.0,6.0,19,26
45015,290.0,6.0,18,26
53230,290.0,6.0,20,27
52640,290.0,6.0,18,26
51440,290.0,6.0,18,26
50640,290.0,6.0,18,26
55230,290.0,6.0,20,27
49440,290.0,6.0,18,26
47440,290.0,6.0,19,27
48640,290.0,6.0,19,27
50640,290.0,6.0,19,27
57230,290.0,6.0,19,26
56400,290.0,6.0,19,26
48360,290.0,6.0,19,27
50360,290.0,6.0,18,26
52360,290.0,6.0,18,26
58400,290.0,6.0,19,26
56400,290.0,6.0,20,27
43950,290.0,6.0,19,27
50360,290.0,6.0,19,27
45950,290.0,6.0,18,26
54400,290.0,6.0,20,27
32500,208.0,4.0,20,23
28950,208.0,4.0,21,24
2000,55.0,3.0,34,42
2000,79.0,4.0,33,39
2000,79.0,4.0,33,39
2000,79.0,4.0,31,38
2000,55.0,3.0,32,41
2000,79.0,4.0,31,38
12515,79.0,4.0,26,31
2000,116.0,4.0,18,23
2000,116.0,6.0,15,20
2000,151.0,4.0,18,23
2000,116.0,4.0,18,23
2000,116.0,4.0,18,23
2381,210.0,6.0,17,25
2337,210.0,6.0,17,25
2138,170.0,6.0,17,24
31025,210.0,6.0,17,25
28025,170.0,6.0,17,24
28075,170.0,6.0,17,24
31075,210.0,6.0,17,25
31675,210.0,6.0,17,25
28875,170.0,6.0,17,24
49850,330.0,6.0,17,24
47700,330.0,6.0,18,26
53700,360.0,6.0,27,32
59200,420.0,8.0,16,24
61700,420.0,8.0,16,23
61200,420.0,8.0,16,24
54750,360.0,6.0,27,32
48700,330.0,6.0,18,26
63700,420.0,8.0,16,23
50850,330.0,6.0,17,24
13995,78.0,3.0,33,40
16995,78.0,3.0,35,42
15195,78.0,3.0,35,42
12995,74.0,3.0,34,42
15195,74.0,3.0,37,44
14195,74.0,3.0,34,42
13995,74.0,3.0,37,44
12995,74.0,3.0,34,42
14295,74.0,3.0,34,42
15395,74.0,3.0,37,44
14095,74.0,3.0,37,44
14945,74.0,3.0,37,44
14795,78.0,3.0,33,41
12995,78.0,3.0,33,41
14195,78.0,3.0,37,43
15995,78.0,3.0,37,43
16495,78.0,3.0,37,43
46030,240.0,4.0,20,29
35595,240.0,4.0,19,26
33100,240.0,4.0,20,29
48525,240.0,4.0,19,26
46455,240.0,4.0,20,29
42955,240.0,4.0,19,26
48950,240.0,4.0,19,26
40460,240.0,4.0,20,29
33260,240.0,4.0,20,29
39585,240.0,4.0,19,26
37090,240.0,4.0,20,29
35755,240.0,4.0,19,26
41895,240.0,4.0,19,25
35720,240.0,4.0,21,28
35130,240.0,4.0,19,25
32720,240.0,4.0,21,28
39485,240.0,4.0,21,28
38125,240.0,4.0,19,25
45475,240.0,4.0,21,28
47880,240.0,4.0,19,25
38850,304.0,6.0,19,28
40845,304.0,6.0,18,26
45840,365.0,6.0,17,25
45840,365.0,6.0,17,25
38850,305.0,6.0,19,28
40845,305.0,6.0,18,26
41005,350.0,6.0,17,24
39010,350.0,6.0,17,26
46000,365.0,6.0,16,24
45205,365.0,6.0,16,23
43210,303.0,6.0,17,25
43370,303.0,6.0,16,24
45365,365.0,6.0,15,21
43530,303.0,6.0,16,24
49025,365.0,6.0,15,21
40850,305.0,6.0,17,23
38900,305.0,6.0,18,26
44045,303.0,6.0,17,26
47810,303.0,6.0,17,26
53475,303.0,6.0,17,26
38260,303.0,6.0,17,26
55970,303.0,6.0,17,26
45315,303.0,6.0,17,26
40755,303.0,6.0,17,26
41550,303.0,6.0,17,26
38260,303.0,6.0,17,25
44045,303.0,6.0,16,23
48055,303.0,6.0,16,23
45560,303.0,6.0,17,25
53475,303.0,6.0,17,25
40755,303.0,6.0,16,23
41550,303.0,6.0,17,25
55970,303.0,6.0,16,23
34645,191.0,4.0,41,36
45555,231.0,4.0,22,33
35190,231.0,4.0,22,33
35190,188.0,4.0,41,39
37080,231.0,4.0,22,31
45555,188.0,4.0,41,39
47445,231.0,4.0,22,31
37080,231.0,4.0,22,31
45605,188.0,4.0,41,39
45605,231.0,4.0,22,33
47495,231.0,4.0,22,31
35190,188.0,4.0,41,39
35190,231.0,4.0,22,33
35010,239.0,4.0,41,38
36900,245.0,4.0,20,28
39510,239.0,4.0,41,38
39510,245.0,4.0,21,31
49560,245.0,4.0,20,28
35010,245.0,4.0,21,31
41400,245.0,4.0,20,28
47670,245.0,4.0,21,31
36760,239.0,4.0,41,38
36760,245.0,4.0,21,31
47670,239.0,4.0,41,38
38650,245.0,4.0,20,28
5650,342.0,8.0,12,16
79900,239.0,0.0,88,90
69900,239.0,0.0,94,97
104500,239.0,0.0,86,94
93400,239.0,0.0,88,90
69900,239.0,0.0,94,97
75000,239.0,0.0,101,102
85000,239.0,0.0,95,106
105000,239.0,0.0,89,98
80000,239.0,0.0,88,90
79500,239.0,0.0,102,105
66000,239.0,0.0,98,101
134500,239.0,0.0,92,105
74500,239.0,0.0,97,100
71000,239.0,0.0,101,107
75000,239.0,0.0,101,102
89500,239.0,0.0,101,107
112000,239.0,0.0,91,100
70000,239.0,0.0,88,90
2000,150.0,6.0,15,24
2000,150.0,6.0,16,24
2000,150.0,6.0,16,24
24250,201.0,6.0,16,23
27750,196.0,6.0,15,21
26140,185.0,6.0,17,24
33790,185.0,6.0,16,22
25815,185.0,6.0,17,24
30540,185.0,6.0,16,22
27590,185.0,6.0,17,24
24165,185.0,6.0,17,24
29740,185.0,6.0,17,24
23335,185.0,6.0,17,24
31035,185.0,6.0,16,22
25885,185.0,6.0,17,24
30235,185.0,6.0,17,24
30210,200.0,6.0,15,21
26040,185.0,6.0,16,23
24520,200.0,6.0,16,23
27890,200.0,6.0,16,23
30420,185.0,6.0,16,23
27700,200.0,6.0,15,21
22280,180.0,6.0,19,29
24690,200.0,6.0,18,28
28355,240.0,6.0,17,26
24930,242.0,6.0,18,26
20830,211.0,6.0,19,29
26330,303.0,8.0,16,26
20330,211.0,6.0,19,29
23430,242.0,6.0,18,26
27740,303.0,8.0,16,24
22625,211.0,6.0,19,29
21015,211.0,6.0,19,29
27607,197.0,6.0,15,20
27777,165.0,6.0,15,19
29627,197.0,6.0,14,17
22777,165.0,6.0,16,21
32887,197.0,6.0,14,17
31317,197.0,6.0,15,20
25087,165.0,6.0,15,19
25637,165.0,6.0,16,21
27777,165.0,6.0,15,19
25217,165.0,6.0,15,19
27607,197.0,6.0,15,20
22907,165.0,6.0,16,21
32887,197.0,6.0,14,17
29627,197.0,6.0,14,17
25637,165.0,6.0,16,21
31317,197.0,6.0,15,20
26199,197.0,6.0,15,19
25999,197.0,6.0,14,17
28199,197.0,6.0,14,17
23999,197.0,6.0,15,19
34999,215.0,6.0,13,18
35799,215.0,6.0,13,17
36159,215.0,6.0,13,17
229000,592.0,8.0,15,22
239400,616.0,8.0,15,22
28460,200.0,6.0,16,23
23490,200.0,6.0,16,23
28515,200.0,6.0,16,23
22115,200.0,6.0,16,23
22950,200.0,6.0,16,23
28515,200.0,6.0,16,23
22950,200.0,6.0,16,23
22115,200.0,6.0,16,23
25645,138.0,4.0,22,30
24645,138.0,4.0,23,29
25895,138.0,4.0,23,30
24895,138.0,4.0,23,29
26145,138.0,4.0,23,30
25145,138.0,4.0,23,29
2000,135.0,4.0,19,26
2078,200.0,4.0,18,25
2254,200.0,4.0,18,25
2000,135.0,4.0,19,26
2038,135.0,4.0,19,26
2462,200.0,4.0,18,25
298900,505.0,8.0,11,18
303700,505.0,8.0,11,18
303700,505.0,8.0,11,18
335600,530.0,8.0,11,18
44540,265.0,6.0,17,22
44540,265.0,6.0,17,22
41995,265.0,6.0,17,22
39000,260.0,6.0,21,28
38550,260.0,6.0,21,28
40600,260.0,6.0,21,28
36950,260.0,6.0,21,28
34220,260.0,6.0,21,28
29560,260.0,6.0,21,28
32620,260.0,6.0,21,28
31160,260.0,6.0,21,28
34400,260.0,6.0,21,28
39180,260.0,6.0,21,28
41730,250.0,4.0,26,30
32800,260.0,6.0,21,28
38730,260.0,6.0,21,28
29740,260.0,6.0,21,28
40780,260.0,6.0,21,28
31340,260.0,6.0,21,28
42180,250.0,4.0,28,31
37130,260.0,6.0,21,28
40130,250.0,4.0,28,31
43780,250.0,4.0,26,30
29740,260.0,6.0,21,28
31340,260.0,6.0,21,28
37130,260.0,6.0,21,28
38730,260.0,6.0,21,28
34400,260.0,6.0,21,28
32800,260.0,6.0,21,28
40780,260.0,6.0,21,28
39180,260.0,6.0,21,28
336400,632.0,12.0,8,13
369200,632.0,12.0,8,13
345400,632.0,12.0,9,14
378200,632.0,12.0,9,14
382400,631.0,12.0,8,13
354000,631.0,12.0,8,13
364000,631.0,12.0,9,14
392400,631.0,12.0,9,14
450000,670.0,12.0,9,14
3550,305.0,8.0,16,24
3206,305.0,8.0,16,24
3654,305.0,8.0,16,24
4059,305.0,8.0,16,24
4584,320.0,8.0,15,22
5193,320.0,8.0,15,22
41800,435.0,8.0,15,25
29300,300.0,6.0,17,28
34800,310.0,4.0,22,31
25300,310.0,4.0,22,31
46170,435.0,8.0,15,25
32300,435.0,8.0,15,25
23800,300.0,6.0,17,28
29300,310.0,4.0,22,31
36300,435.0,8.0,15,25
36395,435.0,8.0,15,25
32395,435.0,8.0,15,25
24145,300.0,6.0,17,28
35145,310.0,4.0,20,29
29645,310.0,4.0,22,31
41895,435.0,8.0,15,25
29645,300.0,6.0,17,28
25645,310.0,4.0,22,31
25645,310.0,4.0,21,30
24645,300.0,6.0,18,27
29645,310.0,4.0,21,30
42145,435.0,8.0,14,23
36645,435.0,8.0,15,25
35145,310.0,4.0,21,27
32645,435.0,8.0,15,25
2000,130.0,6.0,20,26
2000,88.0,4.0,24,32
2000,130.0,6.0,20,26
2000,88.0,4.0,25,34
2000,88.0,4.0,25,34
27505,158.0,4.0,21,28
30550,158.0,4.0,21,28
29265,158.0,4.0,21,28
26905,167.0,4.0,21,28
28665,167.0,4.0,21,28
25980,158.0,4.0,21,28
27550,167.0,4.0,21,28
23720,167.0,4.0,22,28
28650,158.0,4.0,21,28
29450,167.0,4.0,21,28
28650,158.0,4.0,21,28
27550,167.0,4.0,21,28
29265,158.0,4.0,21,28
23970,167.0,4.0,22,28
29450,167.0,4.0,21,28
30550,158.0,4.0,21,28
27505,158.0,4.0,21,28
26905,167.0,4.0,21,28
26230,158.0,4.0,21,28
32205,167.0,4.0,21,28
32655,158.0,4.0,21,28
28665,167.0,4.0,21,28
28600,155.0,4.0,27,34
26395,155.0,4.0,27,36
29330,155.0,4.0,27,36
31270,155.0,4.0,27,36
30065,155.0,4.0,27,34
24915,155.0,4.0,27,34
2000,164.0,6.0,18,24
2000,118.0,4.0,23,31
2000,164.0,6.0,18,24
2000,118.0,4.0,23,31
2000,164.0,6.0,18,24
2000,114.0,4.0,23,31
2000,155.0,6.0,15,20
2000,155.0,6.0,15,20
2000,160.0,6.0,16,21
2000,160.0,6.0,16,21
2000,160.0,6.0,14,19
2000,160.0,6.0,14,18
65055,365.0,6.0,15,20
67220,365.0,6.0,15,19
61480,365.0,6.0,16,22
63645,365.0,6.0,15,20
63195,380.0,6.0,16,22
76650,380.0,6.0,15,19
69135,380.0,6.0,15,19
65560,380.0,6.0,15,20
73645,380.0,6.0,15,20
74260,380.0,6.0,15,20
66770,380.0,6.0,15,20
71260,380.0,6.0,16,22
65560,380.0,6.0,15,20
71260,380.0,6.0,15,21
66770,380.0,6.0,15,20
63195,380.0,6.0,15,21
69135,380.0,6.0,15,19
76645,380.0,6.0,15,19
73650,380.0,6.0,15,20
74260,380.0,6.0,15,20
19450,215.0,4.0,19,27
13030,132.0,4.0,25,32
17085,150.0,4.0,25,32
15340,132.0,4.0,25,32
14315,132.0,4.0,22,29
17640,150.0,4.0,25,32
15800,132.0,4.0,25,32
20450,225.0,4.0,19,28
13490,132.0,4.0,25,32
16625,132.0,4.0,22,29
16110,132.0,4.0,25,32
13800,132.0,4.0,25,32
20700,220.0,4.0,19,28
2000,132.0,4.0,24,36
2000,150.0,4.0,24,36
2000,132.0,4.0,24,36
2000,150.0,4.0,24,36
2000,132.0,4.0,24,31
2044,132.0,4.0,24,31
12715,132.0,4.0,24,30
20990,150.0,5.0,20,29
20525,150.0,5.0,20,29
24315,150.0,5.0,20,28
17475,150.0,5.0,20,28
18550,150.0,5.0,20,29
23240,150.0,5.0,20,28
25740,150.0,5.0,20,28
25990,150.0,5.0,20,28
18290,150.0,5.0,20,28
26990,150.0,5.0,20,28
19390,150.0,5.0,20,29
18690,150.0,5.0,20,28
27390,150.0,5.0,20,28
20390,150.0,5.0,20,29
19790,150.0,5.0,20,29
26390,150.0,5.0,20,28
2000,214.0,6.0,16,24
2000,214.0,6.0,16,24
2000,214.0,6.0,16,24
2000,170.0,6.0,17,25
2000,225.0,6.0,15,24
2000,205.0,6.0,17,26
2000,225.0,6.0,17,26
2000,205.0,6.0,17,27
26220,210.0,6.0,15,21
24560,210.0,6.0,16,22
22240,210.0,6.0,16,22
23900,210.0,6.0,15,21
23250,210.0,6.0,15,21
25750,260.0,6.0,16,21
23235,210.0,6.0,16,22
26750,260.0,6.0,16,21
21590,210.0,6.0,16,22
27410,260.0,6.0,16,20
28410,260.0,6.0,16,20
24895,210.0,6.0,15,21
28995,260.0,6.0,16,21
27245,260.0,6.0,16,21
27995,260.0,6.0,16,21
23995,210.0,6.0,15,21
21590,210.0,6.0,16,22
26245,260.0,6.0,16,21
23235,210.0,6.0,16,22
22245,210.0,6.0,16,22
24985,210.0,6.0,15,21
23340,210.0,6.0,15,21
89000,290.0,6.0,16,22
89000,252.0,6.0,16,22
89000,290.0,6.0,16,22
89000,252.0,6.0,16,22
156000,573.0,6.0,21,22
21710,131.0,4.0,24,26
20720,131.0,4.0,24,26
21760,131.0,4.0,24,26
20870,131.0,4.0,24,26
22230,131.0,4.0,24,26
21330,131.0,4.0,24,26
35880,235.0,4.0,21,28
36580,235.0,4.0,22,28
37980,235.0,4.0,21,28
34480,235.0,4.0,22,28
34965,235.0,4.0,22,28
37065,235.0,4.0,22,28
36365,235.0,4.0,22,28
38465,235.0,4.0,22,27
38585,235.0,4.0,22,27
36485,235.0,4.0,22,28
37185,235.0,4.0,22,28
35085,235.0,4.0,22,28
39720,194.0,4.0,35,31
41310,194.0,4.0,33,30
41310,194.0,4.0,33,30
39720,194.0,4.0,35,31
39720,194.0,4.0,33,30
2000,140.0,4.0,21,28
2000,110.0,4.0,24,35
2000,110.0,4.0,24,35
2000,140.0,4.0,20,28
2000,140.0,4.0,20,28
2000,110.0,4.0,24,34
37775,248.0,6.0,19,28
35775,248.0,6.0,19,28
28975,248.0,6.0,19,28
37375,248.0,6.0,19,28
42030,248.0,6.0,19,28
44600,248.0,6.0,19,28
32275,248.0,6.0,19,28
37650,248.0,6.0,19,28
32550,248.0,6.0,19,28
36050,248.0,6.0,19,28
42305,248.0,6.0,19,28
44875,248.0,6.0,19,28
29400,248.0,6.0,19,28
38050,248.0,6.0,19,28
33500,248.0,6.0,19,28
2000,93.0,4.0,22,31
32150,199.0,4.0,35,39
25990,199.0,4.0,36,40
32195,199.0,4.0,35,39
25995,199.0,4.0,36,40
25995,192.0,4.0,39,46
30990,192.0,4.0,39,46
25995,199.0,4.0,36,40
27500,274.0,4.0,20,31
25500,192.0,4.0,23,34
21500,192.0,4.0,23,34
31995,199.0,4.0,35,39
35300,274.0,4.0,20,31
23950,192.0,4.0,23,34
25790,192.0,4.0,23,34
21840,192.0,4.0,23,34
27700,274.0,4.0,20,31
35500,274.0,4.0,20,31
24340,192.0,4.0,23,34
29940,245.0,4.0,22,32
24140,178.0,4.0,28,39
25140,185.0,4.0,24,35
22140,185.0,4.0,24,35
36040,245.0,4.0,22,32
30295,175.0,4.0,25,33
24895,175.0,4.0,25,33
25195,175.0,4.0,25,33
29995,175.0,4.0,25,33
32995,256.0,6.0,20,27
26995,175.0,4.0,25,33
27295,175.0,4.0,25,33
30695,175.0,4.0,25,33
33395,256.0,6.0,20,27
25295,175.0,4.0,25,33
27695,175.0,4.0,25,33
27395,175.0,4.0,25,33
24995,175.0,4.0,25,33
30395,175.0,4.0,25,33
35995,175.0,4.0,25,32
25645,175.0,4.0,25,32
34995,256.0,6.0,20,27
27695,175.0,4.0,25,32
38195,256.0,6.0,20,27
32390,175.0,4.0,25,32
22195,148.0,4.0,24,30
21295,168.0,4.0,23,28
22695,168.0,4.0,23,26
24995,168.0,4.0,23,26
22795,148.0,4.0,25,32
24195,148.0,4.0,24,30
19595,148.0,4.0,24,30
20795,148.0,4.0,25,32
23595,168.0,4.0,23,28
23995,168.0,4.0,23,28
22195,148.0,4.0,23,29
22695,168.0,4.0,22,27
25395,168.0,4.0,22,27
23895,168.0,4.0,22,27
22495,168.0,4.0,23,28
21295,168.0,4.0,23,28
20795,148.0,4.0,24,31
19595,148.0,4.0,23,29
27395,168.0,4.0,22,27
25995,168.0,4.0,23,28
24195,168.0,4.0,22,27
22495,148.0,4.0,23,29
25695,168.0,4.0,22,27
20995,148.0,4.0,24,30
27695,168.0,4.0,22,27
24195,168.0,4.0,23,28
22695,168.0,4.0,23,28
19795,148.0,4.0,23,29
26195,166.0,4.0,24,29
24195,166.0,4.0,25,31
28195,224.0,6.0,20,28
23195,166.0,4.0,25,31
30995,224.0,6.0,20,27
24995,166.0,4.0,25,31
26995,166.0,4.0,24,29
22995,166.0,4.0,25,31
23995,166.0,4.0,25,31
25995,166.0,4.0,24,29
24995,166.0,4.0,25,31
31695,224.0,6.0,20,27
24495,166.0,4.0,25,30
24995,166.0,4.0,24,29
27495,166.0,4.0,24,29
25495,166.0,4.0,25,30
26495,166.0,4.0,24,29
23495,166.0,4.0,25,30
24460,200.0,6.0,16,23
33775,255.0,6.0,15,22
27600,255.0,6.0,15,22
27550,255.0,6.0,14,22
35825,255.0,6.0,14,22
30250,255.0,6.0,14,22
30310,253.0,6.0,14,22
27225,253.0,6.0,14,22
34150,253.0,6.0,15,23
36195,253.0,6.0,14,22
28265,253.0,6.0,15,23
24635,200.0,6.0,15,22
42495,287.0,6.0,18,28
30495,287.0,6.0,18,28
28595,287.0,6.0,18,28
37895,287.0,6.0,18,28
34495,287.0,6.0,18,28
200500,570.0,8.0,15,24
82800,310.0,6.0,18,27
125600,420.0,6.0,17,26
93200,420.0,6.0,17,27
98300,420.0,6.0,17,27
161100,520.0,8.0,15,24
141300,520.0,8.0,15,24
180300,570.0,8.0,15,24
113400,440.0,8.0,16,24
78100,310.0,6.0,18,28
161100,520.0,8.0,15,24
82800,310.0,6.0,18,27
141300,520.0,8.0,15,24
200500,570.0,8.0,15,24
78100,310.0,6.0,18,28
180300,570.0,8.0,15,24
80000,310.0,6.0,18,28
113400,440.0,8.0,16,24
84300,310.0,6.0,18,27
93200,420.0,6.0,17,27
125600,420.0,6.0,17,26
98300,420.0,6.0,17,27
39725,240.0,6.0,16,25
34600,205.0,6.0,17,27
40425,240.0,6.0,16,26
35250,205.0,6.0,18,27
40730,240.0,6.0,17,26
35555,205.0,6.0,18,27
259900,322.0,12.0,11,15
262990,322.0,12.0,11,15
2000,100.0,4.0,25,33
2000,93.0,4.0,26,32
2000,93.0,4.0,26,34
2178,93.0,4.0,25,32
26280,170.0,4.0,24,36
29125,150.0,4.0,30,42
22440,170.0,4.0,24,36
23995,170.0,4.0,24,36
30850,150.0,4.0,30,42
31790,170.0,4.0,24,36
24375,170.0,4.0,24,36
21340,170.0,4.0,24,35
33925,150.0,4.0,30,42
28105,170.0,4.0,24,36
26915,170.0,4.0,24,35
27095,150.0,4.0,30,44
28115,170.0,4.0,24,36
35995,280.0,6.0,20,28
26280,170.0,4.0,25,38
34270,170.0,4.0,25,38
30495,170.0,4.0,25,38
24750,170.0,4.0,25,38
28410,170.0,4.0,25,38
23975,170.0,4.0,25,38
36835,280.0,6.0,20,28
22440,170.0,4.0,25,38
29295,280.0,6.0,20,28
27995,170.0,4.0,23,34
22440,170.0,4.0,23,34
23975,170.0,4.0,23,34
30995,170.0,4.0,23,34
25495,170.0,4.0,23,34
33995,280.0,6.0,20,28
2452,205.0,6.0,15,18
2879,205.0,6.0,14,19
2715,205.0,6.0,15,19
2668,205.0,6.0,15,18
30500,205.0,6.0,15,19
27300,205.0,6.0,15,19
23000,205.0,6.0,15,19
24150,205.0,6.0,15,20
28050,205.0,6.0,15,20
26800,205.0,6.0,15,20
29250,205.0,6.0,15,19
26150,205.0,6.0,15,19
30900,205.0,6.0,15,19
26450,205.0,6.0,15,19
24450,205.0,6.0,15,20
28450,205.0,6.0,15,20
23300,205.0,6.0,15,19
29550,205.0,6.0,15,19
27600,205.0,6.0,15,19
27100,205.0,6.0,15,20
29510,260.0,6.0,20,27
29780,260.0,6.0,20,27
37900,260.0,6.0,19,26
41560,260.0,6.0,20,27
34830,260.0,6.0,19,26
31200,260.0,6.0,19,26
34500,260.0,6.0,19,26
32810,260.0,6.0,20,27
36210,260.0,6.0,20,27
33140,260.0,6.0,20,27
43250,260.0,6.0,19,26
31470,260.0,6.0,19,26
33150,260.0,6.0,20,27
38100,260.0,6.0,19,26
41610,260.0,6.0,20,27
43300,260.0,6.0,19,26
29830,260.0,6.0,20,27
36410,260.0,6.0,20,27
34840,260.0,6.0,19,26
31520,260.0,6.0,19,26
37790,284.0,6.0,19,26
32980,284.0,6.0,20,27
36100,284.0,6.0,20,27
30290,284.0,6.0,20,27
42070,284.0,6.0,20,27
34670,284.0,6.0,19,26
43760,284.0,6.0,19,26
31980,284.0,6.0,19,26
64600,335.0,8.0,14,21
94600,420.0,12.0,11,17
79900,420.0,12.0,11,17
66950,335.0,8.0,14,21
96100,420.0,12.0,11,17
74600,335.0,8.0,14,21
100800,420.0,12.0,11,17
101300,444.0,12.0,11,17
96600,444.0,12.0,11,17
66700,335.0,8.0,14,21
74350,335.0,8.0,14,21
433550,453.0,12.0,11,19
438325,453.0,12.0,11,19
449525,453.0,12.0,11,19
474600,453.0,12.0,11,19
479775,453.0,12.0,11,19
492000,453.0,12.0,11,19
402940,453.0,12.0,11,19
474990,453.0,12.0,11,19
407400,453.0,12.0,11,19
480175,453.0,12.0,11,19
417825,453.0,12.0,11,19
492425,453.0,12.0,11,19
2047,150.0,6.0,15,20
2550,150.0,6.0,14,17
2221,150.0,6.0,14,17
2000,150.0,6.0,15,20
2142,116.0,4.0,17,20
2013,116.0,4.0,17,20
2293,116.0,4.0,17,20
2281,150.0,6.0,14,17
2000,116.0,4.0,19,25
2115,116.0,4.0,17,20
2000,116.0,4.0,19,25
2040,150.0,6.0,15,20
2423,150.0,6.0,14,17
2188,150.0,6.0,15,20
2699,150.0,6.0,14,17
2311,150.0,6.0,16,22
2691,150.0,6.0,14,17
2197,116.0,4.0,19,25
2553,116.0,4.0,17,20
2409,116.0,4.0,17,20
2912,150.0,6.0,14,17
2000,116.0,4.0,19,25
2498,150.0,6.0,16,22
2539,150.0,6.0,14,17
33720,250.0,6.0,17,24
40020,250.0,6.0,18,25
36970,250.0,6.0,18,25
33120,250.0,6.0,18,25
41620,250.0,6.0,17,24
38970,250.0,6.0,17,24
31470,250.0,6.0,17,24
34720,250.0,6.0,17,24
36970,250.0,6.0,17,24
35370,250.0,6.0,18,25
29870,250.0,6.0,18,25
32120,250.0,6.0,18,25
37370,250.0,6.0,18,25
38570,250.0,6.0,17,24
39455,280.0,6.0,18,26
46570,280.0,6.0,19,26
38855,280.0,6.0,18,26
37855,280.0,6.0,18,26
33580,280.0,6.0,19,27
36055,280.0,6.0,19,27
31945,280.0,6.0,18,26
37055,280.0,6.0,19,27
30145,280.0,6.0,19,27
34380,280.0,6.0,18,26
32580,280.0,6.0,19,27
35380,280.0,6.0,18,26
41170,280.0,6.0,20,27
42970,280.0,6.0,19,26
37655,280.0,6.0,19,27
39255,280.0,6.0,18,26
36455,280.0,6.0,19,27
39855,280.0,6.0,18,26
38055,280.0,6.0,19,27
47070,280.0,6.0,19,26
33030,280.0,6.0,19,27
37455,280.0,6.0,19,27
38255,280.0,6.0,18,26
34830,280.0,6.0,18,26
32395,280.0,6.0,18,26
41670,280.0,6.0,20,27
35830,280.0,6.0,18,26
43470,280.0,6.0,19,26
34030,280.0,6.0,19,27
30595,280.0,6.0,19,27
2000,81.0,4.0,25,30
3065,200.0,4.0,20,24
3367,200.0,4.0,20,24
3843,200.0,4.0,20,25
3407,200.0,4.0,20,25
26100,200.0,4.0,20,25
23600,200.0,4.0,20,25
24600,195.0,4.0,19,24
2000,138.0,4.0,15,20
2000,161.0,4.0,15,20
2194,161.0,4.0,15,20
2000,161.0,4.0,16,20
2088,138.0,4.0,15,19
2000,138.0,4.0,15,19
2064,161.0,4.0,16,20
2304,161.0,4.0,16,20
2419,161.0,4.0,15,19
2196,161.0,4.0,15,19
2388,161.0,4.0,15,19
2242,161.0,4.0,16,20
2728,161.0,4.0,15,19
2580,161.0,4.0,16,20
20030,99.0,4.0,53,46
19080,99.0,4.0,53,46
21765,99.0,4.0,53,46
23360,99.0,4.0,53,46
20340,99.0,4.0,53,46
21765,99.0,4.0,53,46
19540,99.0,4.0,53,46
24475,99.0,4.0,53,46
20360,99.0,4.0,53,46
19560,99.0,4.0,53,46
24495,99.0,4.0,53,46
21785,99.0,4.0,53,46
21355,99.0,4.0,53,46
27100,121.0,4.0,55,53
33100,121.0,4.0,55,53
28800,121.0,4.0,55,53
26675,134.0,4.0,44,40
28060,134.0,4.0,44,40
30935,134.0,4.0,44,40
29695,134.0,4.0,44,40
26675,134.0,4.0,44,40
28060,134.0,4.0,44,40
30935,134.0,4.0,44,40
29695,134.0,4.0,44,40
26675,134.0,4.0,43,39
29695,134.0,4.0,43,39
28060,134.0,4.0,43,39
30935,134.0,4.0,43,39
25765,134.0,4.0,51,48
30005,134.0,4.0,51,48
24200,134.0,4.0,51,48
28435,134.0,4.0,51,48
26985,134.0,4.0,51,48
23215,134.0,4.0,51,48
24200,121.0,4.0,54,50
26250,121.0,4.0,54,50
28650,121.0,4.0,54,50
30000,121.0,4.0,54,50
24700,121.0,4.0,58,53
28100,121.0,4.0,54,50
28115,121.0,4.0,54,50
30015,121.0,4.0,54,50
29135,121.0,4.0,54,50
26735,121.0,4.0,54,50
24685,121.0,4.0,54,50
25165,121.0,4.0,58,53
2130,125.0,4.0,27,34
2003,125.0,4.0,27,34
14155,125.0,4.0,27,37
16220,125.0,4.0,27,37
14330,125.0,4.0,27,37
16395,125.0,4.0,27,37
2000,118.0,4.0,23,30
2000,164.0,6.0,18,24
2000,164.0,6.0,18,24
2000,118.0,4.0,23,30
2000,118.0,4.0,23,30
2000,164.0,6.0,18,24
16455,130.0,4.0,22,28
16895,130.0,4.0,22,28
13885,130.0,4.0,22,28
12765,103.0,4.0,25,31
13485,103.0,4.0,25,31
18020,140.0,4.0,22,28
15535,130.0,4.0,22,28
15700,130.0,4.0,22,28
14975,130.0,4.0,22,28
13075,130.0,4.0,22,28
16140,130.0,4.0,22,28
15415,130.0,4.0,22,28
13680,130.0,4.0,22,28
44625,253.0,6.0,15,21
44625,253.0,6.0,16,21
20105,253.0,6.0,15,21
20901,253.0,6.0,15,21
44625,253.0,6.0,15,21
19785,150.0,4.0,19,24
23515,180.0,4.0,18,24
18430,150.0,4.0,21,26
15970,150.0,4.0,21,26
18000,150.0,4.0,21,26
20780,150.0,4.0,19,24
24510,180.0,4.0,18,24
18275,150.0,4.0,19,24
2000,90.0,4.0,23,31
32500,200.0,4.0,20,29
36400,200.0,4.0,20,29
38500,200.0,4.0,20,28
34600,200.0,4.0,20,28
38600,200.0,4.0,20,29
40700,200.0,4.0,20,28
33700,200.0,4.0,20,29
35800,200.0,4.0,20,28
34500,200.0,4.0,20,28
41300,200.0,4.0,20,28
36600,200.0,4.0,20,28
33900,200.0,4.0,20,28
31800,200.0,4.0,20,28
39200,200.0,4.0,20,28
33950,328.0,6.0,19,27
35550,328.0,6.0,18,25
61600,340.0,8.0,16,22
52400,340.0,8.0,16,22
56400,340.0,8.0,16,22
58100,340.0,8.0,15,22
38950,328.0,6.0,19,27
46200,360.0,6.0,28,35
37150,328.0,6.0,20,29
45450,328.0,6.0,19,27
43650,328.0,6.0,20,29
41800,328.0,6.0,19,27
48600,360.0,6.0,28,35
44400,360.0,6.0,29,36
46800,360.0,6.0,29,36
40000,328.0,6.0,20,29
33950,208.0,4.0,23,31
49950,400.0,6.0,19,26
47950,400.0,6.0,20,26
41900,300.0,6.0,19,27
45900,300.0,6.0,18,26
49050,360.0,6.0,27,31
43900,300.0,6.0,19,28
39650,208.0,4.0,22,28
47050,360.0,6.0,28,34
39900,300.0,6.0,19,29
37650,208.0,4.0,23,31
35950,208.0,4.0,22,28
33950,208.0,4.0,23,31
44650,300.0,6.0,20,29
50700,400.0,6.0,19,26
44300,208.0,4.0,22,28
48700,400.0,6.0,20,26
49800,360.0,6.0,26,30
38400,208.0,4.0,23,31
40650,300.0,6.0,20,29
42650,300.0,6.0,19,27
40400,208.0,4.0,22,28
35950,208.0,4.0,22,28
42300,208.0,4.0,23,31
46650,300.0,6.0,19,27
47800,360.0,6.0,27,32
52900,272.0,6.0,18,26
47500,240.0,6.0,24,31
51900,245.0,4.0,24,30
42200,220.0,4.0,20,28
39300,220.0,4.0,20,28
55000,240.0,6.0,24,31
45400,272.0,6.0,18,26
53500,272.0,6.0,18,26
40900,220.0,4.0,20,28
42750,220.0,4.0,20,28
52500,245.0,4.0,24,30
46000,272.0,6.0,18,26
48100,240.0,6.0,24,31
57700,240.0,6.0,24,31
50200,240.0,6.0,24,31
55600,240.0,6.0,24,31
53200,272.0,6.0,18,26
40900,220.0,4.0,20,27
46400,272.0,6.0,18,26
43150,220.0,4.0,20,27
53400,325.0,6.0,16,24
48550,325.0,6.0,18,26
62100,343.0,6.0,18,26
62100,343.0,6.0,18,26
53400,325.0,6.0,16,24
48550,325.0,6.0,18,26
51750,348.0,6.0,17,25
40950,330.0,6.0,19,27
42600,330.0,6.0,18,25
46050,330.0,6.0,17,25
53650,348.0,6.0,19,27
40950,330.0,6.0,19,27
46050,330.0,6.0,17,25
49650,330.0,6.0,19,27
42600,330.0,6.0,18,25
47700,330.0,6.0,17,25
53300,400.0,6.0,19,26
46300,300.0,6.0,19,27
44300,300.0,6.0,19,28
38950,208.0,4.0,22,30
51300,400.0,6.0,20,27
40950,208.0,4.0,21,28
43300,208.0,4.0,21,28
41300,208.0,4.0,22,30
51750,330.0,6.0,17,24
49600,330.0,6.0,18,26
55650,360.0,6.0,29,34
64600,420.0,8.0,16,23
62100,420.0,8.0,16,24
51350,330.0,6.0,18,26
49850,330.0,6.0,18,26
52000,330.0,6.0,17,24
67050,416.0,8.0,16,23
62850,420.0,8.0,16,24
65350,420.0,8.0,16,23
55900,360.0,6.0,29,34
64550,416.0,8.0,16,24
53500,330.0,6.0,17,24
67050,420.0,8.0,16,23
52000,330.0,6.0,18,24
62850,420.0,8.0,16,24
55900,360.0,6.0,29,34
65350,420.0,8.0,16,23
64550,420.0,8.0,16,24
51350,330.0,6.0,18,26
53500,330.0,6.0,18,24
49850,330.0,6.0,18,26
64900,240.0,6.0,19,28
52900,240.0,6.0,19,28
60900,333.0,6.0,16,22
47700,280.0,6.0,16,22
53700,280.0,6.0,16,22
58900,240.0,6.0,19,28
61900,333.0,6.0,16,22
53400,240.0,6.0,19,28
59900,240.0,6.0,19,28
54800,280.0,6.0,16,22
48300,280.0,6.0,16,22
65400,240.0,6.0,19,28
58800,333.0,6.0,19,25
64300,333.0,6.0,19,25
54800,333.0,6.0,19,25
106900,404.0,6.0,15,24
140500,523.0,8.0,13,22
107900,404.0,6.0,16,23
99900,404.0,6.0,16,23
141500,523.0,8.0,15,22
116000,404.0,6.0,16,23
109500,404.0,6.0,16,23
145500,523.0,8.0,15,22
109900,404.0,6.0,16,23
103400,404.0,6.0,16,23
33750,260.0,6.0,19,25
42870,260.0,6.0,19,25
26220,260.0,6.0,19,25
29970,260.0,6.0,19,25
30280,260.0,6.0,20,27
34060,260.0,6.0,20,27
43180,260.0,6.0,20,27
26530,260.0,6.0,20,27
26580,260.0,6.0,20,27
34110,260.0,6.0,20,27
30540,260.0,6.0,20,27
43230,260.0,6.0,20,27
34150,240.0,6.0,14,18
35550,240.0,6.0,14,17
35550,240.0,6.0,13,17
34150,240.0,6.0,14,18
34750,240.0,6.0,14,19
36150,240.0,6.0,14,18
36400,325.0,6.0,17,24
37200,325.0,6.0,17,25
35000,325.0,6.0,17,25
38600,325.0,6.0,17,24
34450,325.0,6.0,17,24
35850,325.0,6.0,17,24
36250,325.0,6.0,17,24
34450,325.0,6.0,17,24
58150,320.0,8.0,12,17
55050,320.0,8.0,12,18
56050,320.0,8.0,12,18
59150,320.0,8.0,12,17
61800,400.0,8.0,14,20
58700,400.0,8.0,14,20
45400,230.0,4.0,26,28
42400,265.0,6.0,21,27
46800,230.0,4.0,25,28
43800,265.0,6.0,19,26
42600,265.0,6.0,21,27
53450,250.0,4.0,25,28
52050,250.0,4.0,26,28
44400,265.0,6.0,19,26
44900,295.0,6.0,19,26
43100,295.0,6.0,20,27
45850,325.0,6.0,17,24
47300,325.0,6.0,16,22
45850,325.0,6.0,17,24
47300,325.0,6.0,16,22
45850,325.0,6.0,17,24
47650,325.0,6.0,16,22
62700,400.0,8.0,14,20
65800,400.0,8.0,14,20
63250,400.0,8.0,14,20
66350,400.0,8.0,14,20
66350,400.0,8.0,13,19
63250,400.0,8.0,14,20
88850,400.0,8.0,13,19
60000,400.0,8.0,14,20
63100,400.0,8.0,14,20
64450,400.0,8.0,14,20
61350,400.0,8.0,14,20
49300,268.0,6.0,14,19
50800,210.0,6.0,18,24
50240,268.0,6.0,15,19
51740,210.0,6.0,18,24
52690,302.0,6.0,16,21
53840,210.0,6.0,18,23
29100,240.0,6.0,17,24
32990,250.0,6.0,18,23
164700,525.0,10.0,12,19
128400,430.0,8.0,11,20
179645,550.0,10.0,13,22
173800,525.0,10.0,13,22
137500,430.0,8.0,14,23
151200,525.0,10.0,12,19
124000,430.0,8.0,14,23
114900,430.0,8.0,11,20
160300,525.0,10.0,13,22
170545,550.0,10.0,12,19
199600,550.0,10.0,13,22
138400,430.0,8.0,14,23
124900,430.0,8.0,14,23
166100,525.0,10.0,12,19
199900,570.0,10.0,13,22
182500,550.0,10.0,13,22
162900,525.0,10.0,13,22
115900,430.0,8.0,11,20
129400,430.0,8.0,11,20
190600,550.0,10.0,12,19
153900,525.0,10.0,12,19
175100,525.0,10.0,13,22
173500,550.0,10.0,12,19
162900,540.0,10.0,14,22
189900,610.0,10.0,14,22
17110,150.0,5.0,19,28
18185,150.0,5.0,19,28
14990,150.0,5.0,19,28
16065,150.0,5.0,19,28
17575,170.0,5.0,22,29
16675,170.0,5.0,21,29
18650,170.0,5.0,21,29
15600,170.0,5.0,22,29
19340,170.0,5.0,20,29
16300,170.0,5.0,21,30
17400,170.0,5.0,20,29
24005,210.0,6.0,15,20
24005,235.0,8.0,14,19
23020,210.0,6.0,15,20
26750,210.0,6.0,15,20
19890,210.0,6.0,14,20
26855,210.0,6.0,14,18
28445,235.0,8.0,14,19
20490,210.0,6.0,16,20
28780,210.0,6.0,14,18
25650,210.0,6.0,15,20
23590,210.0,6.0,15,20
24235,210.0,6.0,15,20
26295,210.0,6.0,15,20
29425,210.0,6.0,14,18
21135,210.0,6.0,16,20
35610,275.0,6.0,14,19
33785,275.0,6.0,14,20
32580,291.0,6.0,14,20
30580,291.0,6.0,14,20
33570,291.0,6.0,14,20
31550,291.0,6.0,14,20
2000,195.0,8.0,11,16
2000,155.0,6.0,14,17
2000,195.0,8.0,11,16
2000,165.0,6.0,13,15
2000,125.0,6.0,12,17
2000,170.0,8.0,10,13
2000,170.0,8.0,11,14
2000,180.0,6.0,11,16
2000,230.0,8.0,12,15
2000,180.0,6.0,14,17
2000,230.0,8.0,11,16
2000,180.0,6.0,11,16
2000,230.0,8.0,12,16
2000,180.0,6.0,14,17
2008,230.0,8.0,12,15
2083,230.0,8.0,12,15
2000,170.0,8.0,10,13
2000,170.0,8.0,11,13
2000,170.0,8.0,10,13
2000,125.0,8.0,11,13
2000,230.0,8.0,11,16
2000,230.0,8.0,12,15
2000,230.0,8.0,12,15
2000,180.0,6.0,13,17
2093,230.0,8.0,12,15
2073,230.0,8.0,12,15
2220,230.0,8.0,12,15
2000,180.0,6.0,11,16
2122,230.0,8.0,12,15
2046,230.0,8.0,12,15
2000,230.0,8.0,12,16
2000,116.0,4.0,17,22
2000,143.0,6.0,15,20
2000,143.0,6.0,15,20
2000,116.0,4.0,17,22
2000,116.0,4.0,17,20
2000,116.0,4.0,17,20
2000,116.0,4.0,17,22
2000,115.0,4.0,17,22
2000,116.0,4.0,17,22
2000,116.0,4.0,17,20
20240,225.0,8.0,12,17
18740,175.0,6.0,13,15
18695,175.0,6.0,13,15
22305,225.0,8.0,12,17
20850,175.0,6.0,13,15
22885,225.0,8.0,12,14
21430,175.0,6.0,13,15
19275,175.0,6.0,13,15
20820,225.0,8.0,12,14
19320,175.0,6.0,13,15
22190,175.0,6.0,13,15
20035,175.0,6.0,13,15
20080,175.0,6.0,13,15
23645,225.0,8.0,13,15
21580,225.0,8.0,13,15
22150,215.0,6.0,16,19
38100,345.0,8.0,13,19
29395,310.0,8.0,12,16
28755,310.0,8.0,13,18
36230,345.0,8.0,13,19
26705,310.0,8.0,12,16
30775,310.0,8.0,13,17
25435,310.0,8.0,13,17
34865,310.0,8.0,13,17
30655,310.0,8.0,12,16
26320,215.0,6.0,16,19
33730,345.0,8.0,13,19
27045,310.0,8.0,12,16
32155,310.0,8.0,13,17
41350,345.0,8.0,13,17
25720,310.0,8.0,13,17
36980,345.0,8.0,13,17
39780,345.0,8.0,13,17
22435,215.0,6.0,16,19
34275,310.0,8.0,12,16
29055,310.0,8.0,12,16
31445,310.0,8.0,13,18
43490,390.0,8.0,13,18
31880,310.0,8.0,14,19
38120,390.0,8.0,14,20
32750,310.0,8.0,13,18
26275,310.0,8.0,13,18
29985,310.0,8.0,13,18
25575,210.0,6.0,14,20
29285,310.0,8.0,13,18
29530,310.0,8.0,14,19
35100,310.0,8.0,13,18
26015,310.0,8.0,14,19
29585,310.0,8.0,13,18
29725,310.0,8.0,14,19
40270,390.0,8.0,14,20
21820,210.0,6.0,14,20
21520,210.0,6.0,14,20
25975,310.0,8.0,13,18
25715,310.0,8.0,14,19
32945,310.0,8.0,13,18
41340,390.0,8.0,13,18
31730,310.0,8.0,13,18
25065,310.0,8.0,13,18
28725,310.0,8.0,13,18
24665,215.0,6.0,14,20
25155,310.0,8.0,14,19
24855,310.0,8.0,14,19
28865,310.0,8.0,14,19
20610,215.0,6.0,14,20
28510,310.0,8.0,14,19
25365,310.0,8.0,13,18
36880,390.0,8.0,14,20
20910,215.0,6.0,14,20
39035,390.0,8.0,14,20
28425,310.0,8.0,13,18
40495,390.0,8.0,13,18
31020,310.0,8.0,14,19
34240,310.0,8.0,13,18
32085,310.0,8.0,13,18
42650,390.0,8.0,13,18
29075,310.0,8.0,13,18
2245,230.0,8.0,12,17
2034,175.0,6.0,13,16
2239,230.0,8.0,12,17
2000,175.0,6.0,13,16
2316,230.0,8.0,12,18
2118,175.0,6.0,14,16
2041,175.0,6.0,14,16
2237,175.0,6.0,13,16
2348,175.0,6.0,13,16
2320,225.0,8.0,12,17
2422,225.0,8.0,12,17
2087,175.0,6.0,13,16
2326,175.0,6.0,13,15
2332,225.0,8.0,11,14
23360,225.0,8.0,11,15
21345,175.0,6.0,12,15
21345,175.0,6.0,13,15
2000,170.0,8.0,10,13
2000,170.0,8.0,11,12
2000,230.0,8.0,11,14
2000,230.0,8.0,11,15
2000,230.0,8.0,11,15
2000,230.0,8.0,11,16
60000,240.0,4.0,21,30
57600,240.0,4.0,21,30
48300,240.0,4.0,21,30
41100,240.0,4.0,21,30
45100,240.0,4.0,21,30
44100,240.0,4.0,21,30
49900,240.0,4.0,21,30
56600,240.0,4.0,21,30
55700,240.0,4.0,21,30
48900,240.0,4.0,21,30
50475,240.0,4.0,21,30
53775,240.0,4.0,21,30
46675,240.0,4.0,21,30
53775,240.0,4.0,21,30
41475,240.0,4.0,21,30
60775,240.0,4.0,21,30
45675,240.0,4.0,21,30
51000,240.0,4.0,21,29
45700,240.0,4.0,21,29
45800,240.0,4.0,21,29
57700,240.0,4.0,20,28
62500,240.0,4.0,21,29
51100,240.0,4.0,20,28
41800,240.0,4.0,21,29
54200,240.0,4.0,21,29
79100,510.0,8.0,14,19
67600,340.0,6.0,17,23
62600,340.0,6.0,17,23
92400,510.0,8.0,14,19
92400,510.0,8.0,14,19
79100,510.0,8.0,14,19
67600,340.0,6.0,17,23
62600,340.0,6.0,17,23
63350,340.0,6.0,17,23
68295,340.0,6.0,17,23
79995,510.0,8.0,14,19
110475,550.0,8.0,14,19
92495,510.0,8.0,14,19
76875,340.0,6.0,17,23
93075,510.0,8.0,14,19
79950,510.0,8.0,14,19
93295,510.0,8.0,14,19
111350,550.0,8.0,14,19
64950,340.0,6.0,17,23
66450,254.0,6.0,22,29
69950,340.0,6.0,17,23
71450,254.0,6.0,22,29
82695,510.0,8.0,14,19
142100,510.0,8.0,13,19
105300,510.0,8.0,13,19
184105,510.0,8.0,13,19
83300,340.0,6.0,17,23
136750,510.0,8.0,13,19
105300,510.0,8.0,13,19
100100,510.0,8.0,13,19
83300,340.0,6.0,17,23
100100,510.0,8.0,13,19
184105,510.0,8.0,13,19
136750,510.0,8.0,13,19
88300,340.0,6.0,17,23
118605,510.0,8.0,13,19
142100,510.0,8.0,13,19
88300,340.0,6.0,17,23
83495,340.0,6.0,17,23
101995,510.0,8.0,13,19
106995,510.0,8.0,13,19
118845,510.0,8.0,13,19
186495,510.0,8.0,13,19
98995,340.0,6.0,17,23
89995,340.0,6.0,17,23
95195,340.0,6.0,17,23
137995,510.0,8.0,13,19
142995,510.0,8.0,13,19
123845,510.0,8.0,13,19
86450,254.0,6.0,22,29
139995,510.0,8.0,14,19
103195,510.0,8.0,14,19
144995,510.0,8.0,14,19
84950,340.0,6.0,17,23
199495,550.0,8.0,14,19
108195,510.0,8.0,14,19
91950,380.0,6.0,17,23
93450,254.0,6.0,22,29
17990,143.0,4.0,21,26
17680,143.0,4.0,21,26
21050,207.0,6.0,15,21
22305,207.0,6.0,15,19
24255,207.0,6.0,15,19
16395,143.0,4.0,21,26
24535,207.0,6.0,15,19
18805,143.0,4.0,21,26
23575,207.0,6.0,15,19
22985,207.0,6.0,15,19
25805,207.0,6.0,15,19
17665,143.0,4.0,21,26
21675,207.0,6.0,15,21
21810,207.0,6.0,15,19
17890,143.0,4.0,21,26
20405,207.0,6.0,15,21
19080,143.0,4.0,21,26
20580,143.0,4.0,22,27
23220,207.0,6.0,15,21
22485,207.0,6.0,15,21
22155,207.0,6.0,15,21
25800,207.0,6.0,15,19
19515,143.0,4.0,22,27
17820,143.0,4.0,22,27
24905,207.0,6.0,15,19
18960,143.0,4.0,22,27
19105,143.0,4.0,22,27
23570,207.0,6.0,15,19
18160,143.0,4.0,22,27
23495,207.0,6.0,16,21
22640,207.0,6.0,16,21
20740,143.0,4.0,22,27
26070,207.0,6.0,15,19
19855,143.0,4.0,22,27
25060,207.0,6.0,15,19
22425,207.0,6.0,16,21
19120,143.0,4.0,22,27
198250,550.0,12.0,13,19
203995,552.0,12.0,14,22
206000,552.0,12.0,14,22
197850,470.0,12.0,13,19
207895,470.0,12.0,13,19
226850,470.0,12.0,13,19
207895,470.0,12.0,13,19
49800,154.0,6.0,78,74
49800,239.0,0.0,78,74
49800,239.0,0.0,78,74
28370,194.0,4.0,34,31
33610,194.0,4.0,34,31
34030,194.0,4.0,34,30
29030,194.0,4.0,34,30
32185,194.0,4.0,34,30
25240,176.0,4.0,24,31
29850,176.0,4.0,22,29
28450,176.0,4.0,24,31
26640,176.0,4.0,22,29
23680,176.0,4.0,24,31
25080,176.0,4.0,22,29
29265,176.0,4.0,24,31
25750,176.0,4.0,22,29
26270,176.0,4.0,24,31
24350,176.0,4.0,24,31
30665,176.0,4.0,22,29
31510,176.0,4.0,24,31
32910,176.0,4.0,22,29
27670,176.0,4.0,22,29
31830,176.0,4.0,23,29
28230,176.0,4.0,22,28
26310,176.0,4.0,22,28
24910,176.0,4.0,23,30
36150,176.0,4.0,22,28
33230,176.0,4.0,22,28
34750,176.0,4.0,23,29
26830,176.0,4.0,23,30
29985,176.0,4.0,23,30
31385,176.0,4.0,22,28
39995,241.0,4.0,22,32
40155,241.0,4.0,22,32
42610,255.0,6.0,19,26
42770,255.0,6.0,19,26
42790,306.0,6.0,19,28
45025,306.0,6.0,19,26
45015,306.0,6.0,19,26
42780,306.0,6.0,19,28
45175,306.0,6.0,19,26
43010,306.0,6.0,19,28
62400,467.0,8.0,16,25
62805,467.0,8.0,16,25
64165,467.0,8.0,16,25
36495,273.0,6.0,19,27
40195,273.0,6.0,19,27
38795,273.0,6.0,20,28
35095,273.0,6.0,20,28
36670,279.0,6.0,20,29
36870,279.0,6.0,19,28
41870,279.0,6.0,19,28
39070,279.0,6.0,20,29
35370,279.0,6.0,20,29
38170,279.0,6.0,19,28
40370,279.0,6.0,20,29
42020,279.0,6.0,20,29
40570,279.0,6.0,19,28
43520,279.0,6.0,19,28
38370,279.0,6.0,19,27
39270,279.0,6.0,20,28
42220,279.0,6.0,20,28
42070,279.0,6.0,19,27
36870,279.0,6.0,20,28
37070,279.0,6.0,19,27
43720,279.0,6.0,19,27
40770,279.0,6.0,19,27
40570,279.0,6.0,20,28
35570,279.0,6.0,20,28
2000,165.0,6.0,16,25
2000,165.0,6.0,16,25
2000,170.0,6.0,16,25
2000,170.0,6.0,16,25
28565,259.0,4.0,21,30
34065,259.0,4.0,21,30
31565,259.0,4.0,21,30
28990,259.0,4.0,21,30
36490,259.0,4.0,19,27
31415,259.0,4.0,19,27
33990,259.0,4.0,19,27
27065,182.0,4.0,19,31
34325,259.0,4.0,19,27
31900,259.0,4.0,21,30
31615,259.0,4.0,21,29
36540,259.0,4.0,19,27
34115,259.0,4.0,21,29
34040,259.0,4.0,19,27
28615,259.0,4.0,21,29
27065,182.0,4.0,19,30
31465,259.0,4.0,19,27
2000,205.0,6.0,17,26
2084,205.0,6.0,17,27
29970,185.0,6.0,16,22
26780,185.0,6.0,17,24
24280,195.0,6.0,17,23
27780,195.0,6.0,16,21
28765,196.0,6.0,17,23
25190,196.0,6.0,17,23
15399,126.0,4.0,20,28
16299,126.0,4.0,19,28
14249,126.0,4.0,20,28
13299,126.0,4.0,20,28
15149,126.0,4.0,19,28
14199,126.0,4.0,19,28
14699,127.0,4.0,19,28
15049,127.0,4.0,19,28
15199,127.0,4.0,19,28
13599,127.0,4.0,20,28
14099,127.0,4.0,20,28
13839,127.0,4.0,20,28
14339,127.0,4.0,20,28
15349,127.0,4.0,19,28
14939,127.0,4.0,19,28
1500000,650.0,12.0,9,14
37380,250.0,6.0,15,21
30195,250.0,6.0,15,21
32155,250.0,6.0,15,21
35030,250.0,6.0,15,21
29450,250.0,6.0,15,21
37505,250.0,6.0,15,21
30720,250.0,6.0,15,21
35155,250.0,6.0,15,21
29575,250.0,6.0,15,21
32380,250.0,6.0,15,21
37730,280.0,6.0,18,25
42870,280.0,6.0,18,25
33315,280.0,6.0,18,25
35930,280.0,6.0,19,26
33015,280.0,6.0,19,26
31515,280.0,6.0,19,26
33780,280.0,6.0,19,26
29475,280.0,6.0,19,26
35580,280.0,6.0,18,25
31275,280.0,6.0,18,25
41370,280.0,6.0,18,25
34815,280.0,6.0,18,25
15190,138.0,4.0,27,37
18290,138.0,4.0,27,37
13990,138.0,4.0,27,37
18090,138.0,4.0,27,37
17190,138.0,4.0,27,37
16990,138.0,4.0,27,37
15290,138.0,4.0,27,37
13990,138.0,4.0,27,37
20755,138.0,4.0,27,37
15395,138.0,4.0,27,37
14165,138.0,4.0,27,38
17755,138.0,4.0,27,37
17905,138.0,4.0,27,37
15495,138.0,4.0,27,37
20905,138.0,4.0,27,37
17755,138.0,4.0,27,36
15495,138.0,4.0,27,36
17905,138.0,4.0,27,36
14165,138.0,4.0,27,36
20905,138.0,4.0,27,36
15395,138.0,4.0,27,36
2000,205.0,6.0,17,26
2000,240.0,6.0,16,24
2155,240.0,6.0,16,25
2379,240.0,6.0,16,25
54250,300.0,6.0,16,22
50450,300.0,6.0,16,22
46830,300.0,6.0,16,22
51350,300.0,6.0,17,24
55150,300.0,6.0,17,24
47200,300.0,6.0,17,24
48200,300.0,6.0,17,24
52350,300.0,6.0,17,24
56150,300.0,6.0,17,24
50950,310.0,6.0,20,31
60450,310.0,6.0,20,31
48450,310.0,6.0,20,31
54450,310.0,6.0,20,31
56950,310.0,6.0,20,31
54450,310.0,6.0,20,31
59950,377.0,6.0,28,32
60450,310.0,6.0,20,31
65950,377.0,6.0,28,32
50950,310.0,6.0,20,31
54450,310.0,6.0,20,30
60450,310.0,6.0,20,30
2000,260.0,8.0,15,23
2000,260.0,8.0,15,23
2000,260.0,8.0,15,23
2000,260.0,8.0,15,23
2190,260.0,8.0,15,24
2000,260.0,8.0,15,24
2212,260.0,8.0,15,24
20150,170.0,4.0,23,28
21500,170.0,4.0,22,27
21500,170.0,4.0,22,27
20150,170.0,4.0,23,28
24140,170.0,4.0,25,32
29630,170.0,4.0,25,32
24390,170.0,4.0,25,32
28280,170.0,4.0,26,33
24490,170.0,4.0,26,33
22790,170.0,4.0,26,33
25840,170.0,4.0,25,32
23040,170.0,4.0,26,33
30080,170.0,4.0,25,32
24680,170.0,4.0,25,32
26130,170.0,4.0,25,32
28730,170.0,4.0,26,33
24780,170.0,4.0,26,33
23330,170.0,4.0,26,33
23820,170.0,4.0,26,33
26590,170.0,4.0,25,32
25240,170.0,4.0,26,33
25170,170.0,4.0,25,32
31310,170.0,4.0,25,32
29960,170.0,4.0,26,33
19195,162.0,4.0,19,26
20195,182.0,6.0,18,25
16395,162.0,4.0,19,26
18895,182.0,6.0,18,25
17895,162.0,4.0,19,26
16395,162.0,4.0,19,26
18895,182.0,6.0,18,26
19195,162.0,4.0,19,26
20195,182.0,6.0,18,26
17895,162.0,4.0,19,26
19495,192.0,6.0,18,26
21295,175.0,4.0,20,27
22295,192.0,6.0,18,26
18495,175.0,4.0,20,27
17495,175.0,4.0,20,27
33600,197.0,6.0,16,23
42500,251.0,6.0,17,25
38600,251.0,6.0,17,25
25900,197.0,6.0,16,23
30600,197.0,6.0,16,23
32600,197.0,6.0,16,23
36600,251.0,6.0,17,25
43240,283.0,6.0,17,25
34750,283.0,6.0,17,25
37390,283.0,6.0,17,25
33790,283.0,6.0,17,25
26930,283.0,6.0,17,25
39390,283.0,6.0,17,25
31770,283.0,6.0,17,25
34490,283.0,6.0,17,25
39890,283.0,6.0,17,25
32010,283.0,6.0,17,25
33490,283.0,6.0,17,25
37890,283.0,6.0,17,25
44280,283.0,6.0,17,25
27020,283.0,6.0,17,25
66000,420.0,8.0,13,20
81900,420.0,8.0,12,19
66910,420.0,8.0,13,20
77900,450.0,8.0,16,23
68900,450.0,8.0,16,23
69600,450.0,8.0,16,23
77900,450.0,8.0,16,22
79200,450.0,8.0,16,22
70900,450.0,8.0,16,23
82700,450.0,8.0,14,20
106500,560.0,8.0,16,27
108900,560.0,8.0,15,25
110700,560.0,8.0,15,25
21100,160.0,4.0,24,30
20025,160.0,4.0,24,30
22000,160.0,4.0,22,31
20925,160.0,4.0,22,31
23320,200.0,4.0,21,28
20275,160.0,4.0,24,31
22250,160.0,4.0,22,31
21175,160.0,4.0,22,31
21350,160.0,4.0,24,31
23670,210.0,4.0,20,28
20325,155.0,4.0,24,31
21475,155.0,4.0,24,31
23845,201.0,4.0,20,28
21225,155.0,4.0,22,31
22375,155.0,4.0,22,31
33955,220.0,6.0,17,21
35705,220.0,6.0,16,21
35705,220.0,6.0,16,21
33955,220.0,6.0,17,21
36925,220.0,6.0,16,21
35125,220.0,6.0,17,21
35275,230.0,6.0,17,24
36675,230.0,6.0,16,22
36025,230.0,6.0,17,23
37425,230.0,6.0,16,22
36370,223.0,6.0,17,23
37770,223.0,6.0,16,22
40970,270.0,6.0,18,25
50220,270.0,6.0,18,26
48710,270.0,6.0,18,26
42370,270.0,6.0,18,24
49125,295.0,6.0,19,26
41900,295.0,6.0,20,28
43300,295.0,6.0,19,26
50320,295.0,6.0,19,26
48920,295.0,6.0,20,27
43020,295.0,6.0,20,27
44420,295.0,6.0,19,26
46060,268.0,6.0,27,25
44660,268.0,6.0,28,25
41180,268.0,6.0,28,25
42580,268.0,6.0,27,25
42080,268.0,6.0,27,24
43480,268.0,6.0,26,24
47620,295.0,6.0,32,28
49020,295.0,6.0,30,28
57045,308.0,6.0,30,28
53635,308.0,6.0,30,28
52235,308.0,6.0,31,30
53035,308.0,6.0,31,28
56495,308.0,6.0,31,28
7523,255.0,6.0,15,23
8147,255.0,6.0,15,23
8839,255.0,6.0,15,23
31930,232.0,6.0,16,22
26435,212.0,6.0,16,23
27860,232.0,6.0,16,22
31000,232.0,6.0,16,22
26435,232.0,6.0,16,22
31700,212.0,6.0,16,23
28560,212.0,6.0,16,23
32140,232.0,6.0,16,22
26645,212.0,6.0,16,23
32810,212.0,6.0,16,23
26645,232.0,6.0,16,22
32110,232.0,6.0,16,22
32960,212.0,6.0,16,23
32260,232.0,6.0,16,22
32290,232.0,6.0,16,22
26795,232.0,6.0,16,22
26795,212.0,6.0,16,23
2000,160.0,6.0,15,20
2000,160.0,6.0,16,22
2000,160.0,6.0,16,22
2000,160.0,6.0,15,20
2000,165.0,6.0,16,22
2000,165.0,6.0,15,20
2000,165.0,6.0,15,20
2000,165.0,6.0,16,22
2000,165.0,6.0,15,20
2000,165.0,6.0,15,20
2000,165.0,6.0,15,20
2000,165.0,6.0,15,20
20984,190.0,6.0,15,20
15406,120.0,4.0,17,23
21474,120.0,4.0,17,23
19757,190.0,6.0,12,16
23539,190.0,6.0,15,20
15943,120.0,4.0,19,25
17284,190.0,6.0,14,20
18169,190.0,6.0,15,20
19434,120.0,4.0,17,23
13961,120.0,4.0,19,25
24063,190.0,6.0,14,18
18519,190.0,6.0,15,20
24462,190.0,6.0,14,18
25990,190.0,6.0,14,18
17169,120.0,4.0,17,23
20209,190.0,6.0,15,20
19209,120.0,4.0,17,23
21499,190.0,6.0,15,20
14961,190.0,6.0,14,20
18944,190.0,6.0,15,20
20780,120.0,4.0,19,25
20270,190.0,6.0,12,17
16905,120.0,4.0,19,25
18780,120.0,4.0,19,25
24370,190.0,6.0,14,18
17570,120.0,4.0,17,23
16570,120.0,4.0,19,25
23985,190.0,6.0,12,17
16220,120.0,4.0,17,23
18905,120.0,4.0,19,25
16120,120.0,4.0,19,25
21820,190.0,6.0,12,17
14770,120.0,4.0,19,25
18120,120.0,4.0,19,25
24660,190.0,6.0,14,18
2000,160.0,6.0,15,18
2000,160.0,6.0,15,22
2000,150.0,6.0,15,22
2000,150.0,6.0,15,22
2000,150.0,6.0,14,18
2000,150.0,6.0,14,18
2000,105.0,4.0,21,25
2000,160.0,6.0,15,19
2000,105.0,4.0,21,25
2000,160.0,6.0,15,19
94400,449.0,8.0,17,26
141450,577.0,8.0,15,23
97400,449.0,8.0,16,26
160900,577.0,8.0,15,23
222000,621.0,12.0,13,20
230900,621.0,12.0,13,20
166900,523.0,12.0,12,21
119900,449.0,8.0,16,24
234050,621.0,12.0,13,20
121550,449.0,8.0,16,24
143250,577.0,8.0,15,23
95650,449.0,8.0,17,26
169050,523.0,12.0,12,21
98650,449.0,8.0,16,26
163150,577.0,8.0,15,23
224650,621.0,12.0,13,20
144700,577.0,8.0,15,23
99600,449.0,8.0,16,25
131400,449.0,8.0,17,25
170750,523.0,12.0,13,22
176400,577.0,8.0,14,22
226900,621.0,12.0,13,22
247900,621.0,12.0,14,21
96600,449.0,8.0,18,26
34250,237.0,4.0,18,24
37300,237.0,4.0,18,25
36300,237.0,4.0,18,25
34300,237.0,4.0,18,25
36995,237.0,4.0,18,25
34995,237.0,4.0,18,25
37995,237.0,4.0,18,25
41100,292.0,4.0,23,31
47000,292.0,4.0,23,31
42500,292.0,4.0,23,31
48650,292.0,4.0,23,31
48400,292.0,4.0,21,28
42900,292.0,4.0,21,28
33800,227.0,5.0,18,26
32350,227.0,5.0,19,28
28550,168.0,5.0,20,31
31350,227.0,5.0,20,27
26200,168.0,5.0,21,29
31150,227.0,5.0,21,30
27750,227.0,5.0,21,30
31150,227.0,5.0,21,30
49500,333.0,6.0,18,28
54000,333.0,6.0,17,26
48100,333.0,6.0,17,26
55400,333.0,6.0,18,28
48400,333.0,6.0,17,26
54300,333.0,6.0,17,26
55700,333.0,6.0,18,28
49800,333.0,6.0,18,28
56100,333.0,6.0,18,28
55100,333.0,6.0,17,26
50200,333.0,6.0,18,28
49200,333.0,6.0,17,26
67350,333.0,6.0,18,26
59350,333.0,6.0,17,26
61100,333.0,6.0,18,26
54100,333.0,6.0,18,28
60350,333.0,6.0,18,28
53100,333.0,6.0,17,26
53100,333.0,6.0,17,26
61100,333.0,6.0,18,26
54100,333.0,6.0,18,28
44200,240.0,4.0,22,30
35450,250.0,5.0,20,29
39250,302.0,4.0,24,35
34800,250.0,5.0,20,29
43800,325.0,6.0,19,28
42700,325.0,6.0,19,28
33950,240.0,4.0,25,37
33300,240.0,4.0,25,37
38150,302.0,4.0,24,35
38900,240.0,4.0,25,37
39450,302.0,4.0,23,33
59700,345.0,6.0,18,27
44400,302.0,4.0,22,31
35650,250.0,5.0,20,29
40400,250.0,5.0,20,29
47900,302.0,4.0,22,31
34150,240.0,4.0,26,38
38300,250.0,5.0,20,29
36800,240.0,4.0,26,38
43700,250.0,5.0,20,28
43300,302.0,4.0,23,33
43400,250.0,5.0,20,29
41900,240.0,4.0,25,37
44200,325.0,6.0,18,27
47700,325.0,6.0,18,27
33950,240.0,4.0,25,36
40800,240.0,4.0,25,36
36800,240.0,4.0,25,36
47400,302.0,4.0,23,31
75500,420.0,8.0,17,27
70900,450.0,8.0,18,27
75300,450.0,8.0,18,27
74100,450.0,8.0,18,27
70900,450.0,8.0,18,27
2000,168.0,5.0,17,27
2112,190.0,5.0,17,24
2232,236.0,5.0,17,23
2172,162.0,5.0,19,26
2286,190.0,5.0,18,25
2382,236.0,5.0,18,25
2384,190.0,5.0,16,23
2430,190.0,5.0,17,24
2637,190.0,5.0,16,23
2305,168.0,5.0,19,26
2500,190.0,5.0,17,24
2403,168.0,5.0,19,26
2608,236.0,5.0,18,25
82500,420.0,8.0,17,27
82900,450.0,8.0,17,27
82900,450.0,8.0,17,27
79900,450.0,8.0,17,27
39900,240.0,6.0,20,29
43950,300.0,6.0,18,25
45100,300.0,6.0,19,28
43950,300.0,6.0,19,28
41700,240.0,4.0,26,38
40500,240.0,4.0,26,38
48375,240.0,4.0,25,37
43450,240.0,4.0,25,37
114900,520.0,8.0,17,27
114900,520.0,8.0,16,25
114900,605.0,8.0,15,25
115900,605.0,8.0,15,24
2269,181.0,6.0,16,23
46950,250.0,4.0,23,34
52950,316.0,4.0,22,31
50450,250.0,4.0,23,34
56250,316.0,4.0,22,31
24450,190.0,6.0,14,18
22050,190.0,6.0,15,21
22695,190.0,6.0,14,19
25195,190.0,6.0,14,18
22930,190.0,6.0,15,20
25430,190.0,6.0,14,18
23690,190.0,6.0,14,19
25690,190.0,6.0,12,16
24195,190.0,6.0,14,19
26195,190.0,6.0,12,16
24430,190.0,6.0,14,20
26430,190.0,6.0,12,16
2000,66.0,4.0,24,26
2000,66.0,4.0,24,26
2000,66.0,4.0,24,26
2000,66.0,4.0,24,26
33000,264.0,4.0,18,24
31250,264.0,4.0,19,27
24950,190.0,4.0,20,27
26700,190.0,4.0,19,25
33000,265.0,4.0,18,24
24950,190.0,4.0,20,27
26700,190.0,4.0,19,25
31250,265.0,4.0,19,27
33450,265.0,4.0,19,26
31700,265.0,4.0,20,28
38250,265.0,4.0,19,24
25350,190.0,4.0,21,27
27100,190.0,4.0,20,26
36500,265.0,4.0,20,27
30150,290.0,6.0,18,25
36000,290.0,6.0,18,24
31900,290.0,6.0,18,24
34250,290.0,6.0,18,25
32150,290.0,6.0,18,24
30400,290.0,6.0,18,25
36250,290.0,6.0,18,24
34500,290.0,6.0,18,25
36700,290.0,6.0,17,22
38700,290.0,6.0,17,23
40450,290.0,6.0,17,22
34950,290.0,6.0,17,23
41150,290.0,6.0,17,22
30800,290.0,6.0,18,25
32550,290.0,6.0,18,24
39400,290.0,6.0,17,23
29215,285.0,8.0,11,17
32760,310.0,8.0,13,17
33420,285.0,8.0,11,17
27710,195.0,6.0,14,19
32535,285.0,8.0,11,17
31075,285.0,8.0,11,17
32875,285.0,8.0,11,17
31415,285.0,8.0,11,17
29555,285.0,8.0,11,17
33760,285.0,8.0,11,17
32455,285.0,8.0,11,16
33915,285.0,8.0,11,16
34800,285.0,8.0,11,16
30595,285.0,8.0,11,16
30970,310.0,8.0,13,17
36030,280.0,8.0,11,17
31865,280.0,8.0,11,17
34525,310.0,8.0,13,17
34160,280.0,8.0,11,17
36355,285.0,8.0,11,17
34015,285.0,8.0,11,17
35915,285.0,8.0,11,17
36700,285.0,8.0,11,17
32190,285.0,8.0,11,17
34485,285.0,8.0,11,17
32990,285.0,8.0,11,16
37155,285.0,8.0,11,16
37500,285.0,8.0,11,16
35285,285.0,8.0,11,16
36715,285.0,8.0,11,16
34815,285.0,8.0,11,16
3211,225.0,6.0,17,22
3665,225.0,6.0,17,22
4024,225.0,6.0,17,22
3442,290.0,8.0,17,23
4031,290.0,8.0,16,23
4404,290.0,8.0,16,23
66355,288.0,8.0,16,23
66805,288.0,8.0,16,23
68405,288.0,8.0,16,23
2000,92.0,4.0,23,32
2000,115.0,4.0,23,29
2000,92.0,4.0,23,30
2000,115.0,4.0,23,29
2000,115.0,4.0,23,30
2000,92.0,4.0,24,33
32715,235.0,6.0,16,26
26600,173.0,4.0,21,30
24415,173.0,4.0,21,30
20865,173.0,4.0,21,30
19840,173.0,4.0,21,30
28415,235.0,6.0,15,24
29275,186.0,6.0,18,26
25920,173.0,4.0,21,30
20915,173.0,4.0,21,30
30270,186.0,6.0,18,26
35125,235.0,6.0,16,27
20515,173.0,4.0,21,30
27790,173.0,4.0,20,29
21810,173.0,4.0,21,30
23040,173.0,4.0,21,30
32710,235.0,6.0,16,27
22115,173.0,4.0,21,30
29210,186.0,6.0,18,26
27850,173.0,4.0,20,29
20120,173.0,4.0,21,30
36300,276.0,6.0,18,25
26100,276.0,6.0,18,24
32300,276.0,6.0,18,24
39700,276.0,6.0,17,22
28300,276.0,6.0,18,24
28500,276.0,6.0,18,24
26400,276.0,6.0,18,24
39900,276.0,6.0,17,22
32700,276.0,6.0,18,24
36400,276.0,6.0,18,25
41900,276.0,6.0,17,22
28850,276.0,6.0,18,24
33600,276.0,6.0,18,24
36900,276.0,6.0,18,25
26800,276.0,6.0,18,24
20720,130.0,4.0,30,39
17780,130.0,4.0,30,40
18350,130.0,4.0,30,39
16530,130.0,4.0,27,36
17380,130.0,4.0,30,39
19960,130.0,4.0,30,39
22170,130.0,4.0,29,38
20410,130.0,4.0,29,38
16780,130.0,4.0,27,36
18550,130.0,4.0,29,38
18160,130.0,4.0,30,40
17760,130.0,4.0,29,38
21500,124.0,4.0,29,37
21990,188.0,4.0,27,33
18790,124.0,4.0,29,37
16990,130.0,4.0,27,35
19990,124.0,4.0,29,37
17990,124.0,4.0,29,37
21990,188.0,4.0,26,32
2000,125.0,4.0,21,28
2000,125.0,4.0,20,26
10845,125.0,4.0,22,28
12445,125.0,4.0,22,28
11820,125.0,4.0,19,28
13420,125.0,4.0,19,28
64320,381.0,8.0,13,17
47620,381.0,8.0,13,17
56580,381.0,8.0,13,17
61095,381.0,8.0,13,17
47620,381.0,8.0,13,17
53355,381.0,8.0,13,17
56580,381.0,8.0,13,17
64320,381.0,8.0,13,17
44395,381.0,8.0,13,17
61855,381.0,8.0,13,17
57340,381.0,8.0,13,17
45325,381.0,8.0,13,17
65080,381.0,8.0,13,17
65080,381.0,8.0,13,17
57340,381.0,8.0,13,17
48550,381.0,8.0,13,17
54115,381.0,8.0,13,17
48550,381.0,8.0,13,17
48685,381.0,8.0,13,17
65215,381.0,8.0,13,17
45460,381.0,8.0,13,17
57475,381.0,8.0,13,17
57475,381.0,8.0,13,17
54250,381.0,8.0,13,17
48685,381.0,8.0,13,17
65215,381.0,8.0,13,17
61990,381.0,8.0,13,17
44399,275.0,8.0,16,25
49705,300.0,8.0,16,25
51650,300.0,8.0,16,25
45535,275.0,8.0,16,25
45975,275.0,8.0,16,24
2000,93.0,4.0,23,29
2000,100.0,4.0,20,29
2000,152.0,4.0,18,24
2000,93.0,4.0,23,29
2000,152.0,4.0,18,24
2000,100.0,4.0,20,29
2000,152.0,4.0,18,24
2000,100.0,4.0,20,29
2000,93.0,4.0,23,29
2000,93.0,4.0,23,29
2000,100.0,4.0,22,29
2000,100.0,4.0,22,29
2000,100.0,4.0,22,29
2000,100.0,4.0,21,27
2000,93.0,4.0,23,30
2000,93.0,4.0,23,30
2000,100.0,4.0,21,27
61295,526.0,8.0,14,21
47795,526.0,8.0,14,21
61295,526.0,8.0,15,21
47795,526.0,8.0,14,21
61795,526.0,8.0,15,21
54295,526.0,8.0,14,21
48810,550.0,8.0,15,23
59200,662.0,8.0,15,24
54200,662.0,8.0,15,24
55110,662.0,8.0,15,24
60110,662.0,8.0,15,24
2000,120.0,4.0,20,23
2000,95.0,4.0,21,24
2000,95.0,4.0,21,24
2000,95.0,4.0,21,24
2000,95.0,4.0,21,24
2000,95.0,4.0,21,24
2000,120.0,4.0,19,23
2000,95.0,4.0,21,24
2002,120.0,4.0,19,23
2000,95.0,4.0,21,24
2000,120.0,4.0,19,23
2000,95.0,4.0,21,24
2000,95.0,4.0,21,24
2000,95.0,4.0,20,24
2107,95.0,4.0,19,24
2125,120.0,4.0,20,23
2078,120.0,4.0,20,23
2019,95.0,4.0,20,24
2000,95.0,4.0,21,24
2027,120.0,4.0,20,23
2153,120.0,4.0,20,23
42880,266.0,6.0,16,23
37400,266.0,6.0,16,23
40655,266.0,6.0,16,23
37445,266.0,6.0,18,25
35200,266.0,6.0,18,25
41035,266.0,6.0,18,25
35000,266.0,6.0,18,25
33960,266.0,6.0,16,23
46250,266.0,6.0,16,23
41750,266.0,6.0,18,25
28700,266.0,6.0,18,25
45120,266.0,6.0,18,25
31630,266.0,6.0,18,25
31430,266.0,6.0,18,25
38455,266.0,6.0,18,25
39780,266.0,6.0,18,25
26595,266.0,6.0,18,25
34180,266.0,6.0,16,23
38605,266.0,6.0,18,25
35410,266.0,6.0,18,25
31840,266.0,6.0,18,25
37620,266.0,6.0,16,23
31640,266.0,6.0,18,25
41245,266.0,6.0,18,25
40815,266.0,6.0,16,23
28850,266.0,6.0,18,25
41900,266.0,6.0,18,25
43040,266.0,6.0,16,23
39930,266.0,6.0,18,25
46410,266.0,6.0,16,23
37655,266.0,6.0,18,25
35210,266.0,6.0,18,25
45270,266.0,6.0,18,25
26745,266.0,6.0,18,25
29750,296.0,6.0,19,27
32740,296.0,6.0,19,27
35080,296.0,6.0,18,24
43940,296.0,6.0,18,24
42800,296.0,6.0,19,27
41715,296.0,6.0,18,24
38555,296.0,6.0,19,27
32540,296.0,6.0,19,27
42145,296.0,6.0,19,27
39505,296.0,6.0,19,27
36310,296.0,6.0,19,27
36110,296.0,6.0,19,27
40830,296.0,6.0,19,27
27645,296.0,6.0,19,27
38520,296.0,6.0,18,24
46170,296.0,6.0,19,27
47310,296.0,6.0,18,24
30930,295.0,8.0,14,19
24515,295.0,8.0,14,19
30550,295.0,8.0,13,17
33935,295.0,8.0,13,17
32025,310.0,8.0,13,17
31735,295.0,8.0,13,17
20310,195.0,6.0,15,21
23850,285.0,8.0,15,19
29355,295.0,8.0,14,19
20960,195.0,6.0,14,17
31965,295.0,8.0,13,17
27730,295.0,8.0,14,19
25215,285.0,8.0,15,19
15840,195.0,6.0,15,21
27060,295.0,8.0,13,17
32690,295.0,8.0,14,19
29380,285.0,8.0,14,18
26820,285.0,8.0,15,19
30825,295.0,8.0,14,19
21465,195.0,6.0,14,20
28790,295.0,8.0,13,17
26555,285.0,8.0,15,19
28915,295.0,8.0,14,19
30675,295.0,8.0,14,19
16115,195.0,6.0,15,21
27850,285.0,8.0,14,18
29065,295.0,8.0,14,19
35520,295.0,8.0,13,17
24140,285.0,8.0,15,19
25325,285.0,8.0,15,19
30255,295.0,8.0,13,17
29015,295.0,8.0,14,19
33755,295.0,8.0,13,17
20715,195.0,6.0,14,17
33495,295.0,8.0,13,17
27580,285.0,8.0,14,18
20750,195.0,6.0,15,21
25845,285.0,8.0,14,18
28845,285.0,8.0,14,18
27430,295.0,8.0,14,19
31115,295.0,8.0,14,19
33785,310.0,8.0,13,17
26245,295.0,8.0,14,19
30340,285.0,8.0,14,18
27560,285.0,8.0,14,18
26295,285.0,8.0,14,18
25850,285.0,8.0,14,18
39125,345.0,8.0,13,16
32170,295.0,8.0,13,17
45425,332.0,8.0,20,23
48575,332.0,8.0,20,23
39095,332.0,8.0,20,23
42245,332.0,8.0,20,23
46790,332.0,8.0,20,23
40010,332.0,8.0,20,23
43210,332.0,8.0,20,23
49990,332.0,8.0,20,23
51935,332.0,8.0,20,23
48335,332.0,8.0,20,23
41555,332.0,8.0,20,23
45155,332.0,8.0,20,23
43360,355.0,8.0,16,23
38540,285.0,6.0,17,22
49965,355.0,8.0,16,23
36200,285.0,6.0,18,24
38840,285.0,6.0,17,22
42635,285.0,6.0,17,22
43660,355.0,8.0,16,23
30610,285.0,6.0,17,22
35390,285.0,6.0,18,24
46510,355.0,8.0,16,22
53115,355.0,8.0,16,22
40045,285.0,6.0,17,22
27060,285.0,6.0,18,24
26670,285.0,6.0,18,24
38665,285.0,6.0,18,24
30695,285.0,6.0,18,24
38965,285.0,6.0,18,24
37800,285.0,6.0,17,22
42935,285.0,6.0,17,22
33595,285.0,6.0,18,24
34675,285.0,6.0,17,22
40900,355.0,8.0,16,23
44150,355.0,8.0,16,22
35690,285.0,6.0,18,24
46810,355.0,8.0,16,22
30910,285.0,6.0,17,22
37500,285.0,6.0,17,22
52815,355.0,8.0,16,22
49665,355.0,8.0,16,23
33720,285.0,6.0,18,24
54240,355.0,8.0,16,22
36230,285.0,6.0,18,24
47570,355.0,8.0,16,22
34590,285.0,6.0,18,24
51390,355.0,8.0,16,23
44910,355.0,8.0,16,22
34465,285.0,6.0,18,24
27715,285.0,6.0,18,24
43505,285.0,6.0,17,22
47270,355.0,8.0,16,22
41660,355.0,8.0,16,23
39380,285.0,6.0,17,22
31955,285.0,6.0,17,22
44900,355.0,8.0,16,22
39535,285.0,6.0,18,24
28105,285.0,6.0,18,24
37070,285.0,6.0,18,24
40930,355.0,8.0,16,23
54540,355.0,8.0,16,22
44420,355.0,8.0,16,23
31390,285.0,6.0,18,24
40915,285.0,6.0,17,22
40775,355.0,8.0,16,22
31655,285.0,6.0,17,22
51090,355.0,8.0,16,23
38370,285.0,6.0,17,22
38670,285.0,6.0,17,22
35370,285.0,6.0,17,22
37625,355.0,8.0,16,23
44120,355.0,8.0,16,23
44840,355.0,8.0,16,23
52155,355.0,8.0,16,22
45330,355.0,8.0,16,22
32230,285.0,6.0,18,24
28205,285.0,6.0,18,24
45390,355.0,8.0,16,22
39160,285.0,6.0,17,22
41420,355.0,8.0,16,23
41405,285.0,6.0,17,22
44540,355.0,8.0,16,23
38115,355.0,8.0,16,23
32145,285.0,6.0,17,22
43995,285.0,6.0,17,22
52455,355.0,8.0,16,22
37560,285.0,6.0,18,24
47690,355.0,8.0,16,22
28595,285.0,6.0,18,24
55605,355.0,8.0,15,20
36210,285.0,6.0,17,22
34955,285.0,6.0,18,24
36720,285.0,6.0,18,24
40025,285.0,6.0,18,24
38860,285.0,6.0,17,22
41265,355.0,8.0,16,22
55305,355.0,8.0,15,20
47990,355.0,8.0,16,22
32445,285.0,6.0,17,22
42080,355.0,8.0,16,23
39870,285.0,6.0,17,22
35080,285.0,6.0,18,24
34640,300.0,8.0,13,16
31405,300.0,8.0,13,18
33330,300.0,8.0,13,18
36525,300.0,8.0,13,16
33115,300.0,8.0,13,16
29745,300.0,8.0,13,18
38370,325.0,8.0,10,13
4439,200.0,8.0,13,17
4827,200.0,8.0,12,16
4715,200.0,8.0,12,16
4287,200.0,8.0,13,17
2000,142.0,6.0,16,20
35970,185.0,6.0,16,22
26995,185.0,6.0,17,24
33925,185.0,6.0,16,22
31355,185.0,6.0,17,24
33400,185.0,6.0,17,24
33740,185.0,6.0,17,24
28040,185.0,6.0,17,24
36340,185.0,6.0,16,22
31690,185.0,6.0,17,24
34290,185.0,6.0,16,22
36795,185.0,6.0,16,22
34740,185.0,6.0,16,22
32125,185.0,6.0,17,24
34185,185.0,6.0,17,24
28465,185.0,6.0,17,24
219900,322.0,12.0,11,15
229990,322.0,12.0,11,15
26685,285.0,8.0,14,18
23350,285.0,8.0,15,19
26930,295.0,8.0,14,19
27135,295.0,8.0,14,19
25845,285.0,8.0,14,18
31375,295.0,8.0,13,18
24020,195.0,6.0,14,19
28515,295.0,8.0,14,19
31810,295.0,8.0,13,17
29580,295.0,8.0,13,17
31465,295.0,8.0,13,17
20515,195.0,6.0,15,21
19865,195.0,6.0,14,19
29380,295.0,8.0,13,18
26975,285.0,8.0,14,18
23940,195.0,6.0,14,20
25960,285.0,8.0,15,19
30755,295.0,8.0,14,19
26460,285.0,8.0,15,19
20075,195.0,6.0,15,21
32330,295.0,8.0,14,19
24965,285.0,8.0,15,19
27060,295.0,8.0,13,17
24515,295.0,8.0,14,19
23575,195.0,6.0,14,19
33425,310.0,8.0,13,18
33395,295.0,8.0,13,18
15840,195.0,6.0,15,21
33135,295.0,8.0,13,18
28410,285.0,8.0,14,18
28705,295.0,8.0,14,19
23640,285.0,8.0,15,19
16115,195.0,6.0,15,21
28460,295.0,8.0,13,17
30570,295.0,8.0,14,19
25915,295.0,8.0,14,19
28995,295.0,8.0,14,19
30315,295.0,8.0,14,19
30465,295.0,8.0,14,19
33280,345.0,8.0,13,17
21465,195.0,6.0,14,20
31665,310.0,8.0,13,18
29980,285.0,8.0,14,18
19620,195.0,6.0,14,19
33575,295.0,8.0,13,17
27250,285.0,8.0,14,18
28485,285.0,8.0,14,18
35160,295.0,8.0,13,17
28555,295.0,8.0,14,19
48205,332.0,8.0,20,23
45055,332.0,8.0,20,23
38725,332.0,8.0,20,23
41875,332.0,8.0,20,23
42840,332.0,8.0,20,23
49620,332.0,8.0,20,23
39640,332.0,8.0,20,23
46420,332.0,8.0,20,23
51490,332.0,8.0,20,23
47915,332.0,8.0,20,23
41135,332.0,8.0,20,23
44710,332.0,8.0,20,23
46110,355.0,8.0,16,22
35920,285.0,6.0,17,22
28545,285.0,6.0,18,24
43450,355.0,8.0,16,22
37680,285.0,6.0,17,22
35435,285.0,6.0,17,22
33340,285.0,6.0,18,24
42010,285.0,6.0,17,22
42310,285.0,6.0,17,22
47875,355.0,8.0,16,23
42270,355.0,8.0,16,23
51150,355.0,8.0,16,22
34110,285.0,6.0,17,22
35135,285.0,6.0,17,22
30345,285.0,6.0,17,22
32095,285.0,6.0,17,22
30130,285.0,6.0,18,24
41970,355.0,8.0,16,23
34530,285.0,6.0,18,24
45420,355.0,8.0,16,22
42760,355.0,8.0,16,22
40620,285.0,6.0,17,22
36090,285.0,6.0,18,24
26495,285.0,6.0,18,24
40320,285.0,6.0,17,22
31625,285.0,6.0,18,24
30045,285.0,6.0,17,22
37730,285.0,6.0,17,22
34230,285.0,6.0,18,24
45810,355.0,8.0,16,22
38635,285.0,6.0,18,24
50850,355.0,8.0,16,22
39420,285.0,6.0,17,22
37380,285.0,6.0,17,22
40100,355.0,8.0,16,23
42560,355.0,8.0,16,23
42860,355.0,8.0,16,23
45120,355.0,8.0,16,22
47575,355.0,8.0,16,23
31940,285.0,6.0,18,24
38335,285.0,6.0,18,24
35870,285.0,6.0,18,24
28155,285.0,6.0,18,24
36825,285.0,6.0,17,22
26105,285.0,6.0,18,24
37125,285.0,6.0,17,22
33215,285.0,6.0,18,24
39510,355.0,8.0,16,23
36390,285.0,6.0,18,24
36745,285.0,6.0,18,24
34280,285.0,6.0,18,24
32395,285.0,6.0,17,22
31750,285.0,6.0,18,24
37045,285.0,6.0,18,24
39540,285.0,6.0,17,22
39240,285.0,6.0,17,22
35825,285.0,6.0,18,24
39685,355.0,8.0,16,23
31035,285.0,6.0,17,22
32870,285.0,6.0,18,24
43775,285.0,6.0,17,22
35545,285.0,6.0,18,24
36935,285.0,6.0,17,22
38590,285.0,6.0,17,22
41250,355.0,8.0,16,23
31120,285.0,6.0,18,24
47135,355.0,8.0,16,22
48500,355.0,8.0,16,22
44475,355.0,8.0,16,22
33170,285.0,6.0,18,24
46835,355.0,8.0,16,22
33060,285.0,6.0,17,22
53315,355.0,8.0,16,22
38290,285.0,6.0,18,24
31335,285.0,6.0,17,22
33295,285.0,6.0,18,24
38740,355.0,8.0,16,23
41185,285.0,6.0,17,22
43710,355.0,8.0,16,23
27485,285.0,6.0,18,24
36980,285.0,6.0,17,22
44010,355.0,8.0,16,23
33360,285.0,6.0,17,22
45640,355.0,8.0,16,22
45170,355.0,8.0,16,22
35100,285.0,6.0,17,22
39275,285.0,6.0,17,22
49740,355.0,8.0,16,23
50040,355.0,8.0,16,23
29510,285.0,6.0,18,24
36850,285.0,6.0,17,22
48200,355.0,8.0,16,22
38890,285.0,6.0,17,22
38695,285.0,6.0,17,22
40090,355.0,8.0,16,22
41890,355.0,8.0,16,22
43260,355.0,8.0,16,22
41865,285.0,6.0,17,22
53015,355.0,8.0,16,22
36680,285.0,6.0,17,22
36940,355.0,8.0,16,23
32955,285.0,6.0,18,24
29120,285.0,6.0,18,24
37345,285.0,6.0,18,24
27095,285.0,6.0,18,24
40495,285.0,6.0,17,22
36035,285.0,6.0,18,24
37835,285.0,6.0,18,24
39230,355.0,8.0,16,23
38980,285.0,6.0,18,24
36515,285.0,6.0,18,24
43950,355.0,8.0,16,22
31525,285.0,6.0,17,22
33850,285.0,6.0,17,22
44350,355.0,8.0,16,22
47175,355.0,8.0,15,20
44465,285.0,6.0,17,22
42075,285.0,6.0,17,22
47475,355.0,8.0,15,20
46180,355.0,8.0,15,20
33550,285.0,6.0,17,22
39965,285.0,6.0,17,22
35590,285.0,6.0,17,22
27975,285.0,6.0,18,24
41590,355.0,8.0,16,22
44050,355.0,8.0,16,22
37370,285.0,6.0,17,22
54925,355.0,8.0,15,22
27585,285.0,6.0,18,24
33860,285.0,6.0,18,24
33445,285.0,6.0,18,24
48740,355.0,8.0,15,20
45860,355.0,8.0,16,22
40375,355.0,8.0,16,23
54625,355.0,8.0,15,22
42380,355.0,8.0,16,22
29610,285.0,6.0,18,24
51350,355.0,8.0,16,22
30000,285.0,6.0,18,24
37430,355.0,8.0,16,23
40985,285.0,6.0,17,22
39185,285.0,6.0,17,22
37670,285.0,6.0,17,22
44815,355.0,8.0,15,20
31825,285.0,6.0,17,22
37425,285.0,6.0,17,22
51650,355.0,8.0,16,22
49040,355.0,8.0,15,20
37340,285.0,6.0,17,22
39280,285.0,6.0,17,22
33985,285.0,6.0,18,24
40580,355.0,8.0,16,22
31610,285.0,6.0,18,24
39580,285.0,6.0,17,22
42555,285.0,6.0,17,22
33360,285.0,6.0,18,24
2000,200.0,8.0,15,23
2000,150.0,4.0,19,29
2000,155.0,4.0,19,29
2000,155.0,6.0,18,26
2000,155.0,6.0,18,26
2000,150.0,4.0,19,29
2000,150.0,4.0,19,29
2000,150.0,4.0,19,30
84000,329.0,6.0,20,27
106700,429.0,8.0,17,24
214500,621.0,12.0,14,21
147300,557.0,8.0,16,25
108050,449.0,8.0,17,24
85050,329.0,6.0,20,27
217550,621.0,12.0,14,21
149700,577.0,8.0,16,25
110800,449.0,8.0,17,25
151350,577.0,8.0,16,25
219850,621.0,12.0,14,21
86950,362.0,6.0,20,28
60300,362.0,6.0,20,29
47950,241.0,4.0,25,32
56225,302.0,6.0,21,29
68925,415.0,8.0,19,28
43525,201.0,4.0,22,32
43950,201.0,4.0,22,32
57650,302.0,6.0,21,29
70850,415.0,8.0,19,28
59200,302.0,6.0,21,29
47000,241.0,4.0,25,32
72600,416.0,8.0,19,28
480000,641.0,8.0,11,16
495000,617.0,8.0,12,16
495000,617.0,8.0,12,16
221580,583.0,8.0,13,19
228080,583.0,8.0,13,19
199500,583.0,8.0,13,19
206000,583.0,8.0,13,19
275000,622.0,8.0,13,17
201500,583.0,8.0,13,19
208000,583.0,8.0,13,19
183000,563.0,8.0,14,20
189600,563.0,8.0,14,20
196100,563.0,8.0,14,20
2397,190.0,6.0,13,17
2488,190.0,6.0,13,17
2816,215.0,6.0,13,18
2934,215.0,6.0,13,18
21515,177.0,4.0,17,26
26515,260.0,4.0,19,28
22455,173.0,4.0,19,25
28135,260.0,4.0,19,28
31750,260.0,4.0,19,28
28400,173.0,4.0,19,25
24275,173.0,4.0,19,25
30375,260.0,4.0,19,28
29410,173.0,4.0,19,25
26225,173.0,4.0,19,25
29485,260.0,4.0,19,28
26000,199.0,4.0,36,40
29500,199.0,4.0,36,40
26000,193.0,4.0,40,44
30100,193.0,4.0,39,43
26000,193.0,4.0,39,45
30100,193.0,4.0,38,43
23175,185.0,4.0,24,35
26525,185.0,4.0,24,35
28575,245.0,4.0,23,32
33525,245.0,4.0,21,31
21150,185.0,4.0,25,37
23275,177.0,4.0,28,38
28925,245.0,4.0,23,32
27350,185.0,4.0,25,36
21750,185.0,4.0,25,38
23400,185.0,4.0,25,36
34075,245.0,4.0,21,31
23725,178.0,4.0,28,38
21600,185.0,4.0,25,36
27150,185.0,4.0,25,36
23400,185.0,4.0,25,36
26600,245.0,4.0,22,31
23125,178.0,4.0,28,36
21950,185.0,4.0,25,36
34350,245.0,4.0,22,31
15495,138.0,4.0,25,35
21945,138.0,4.0,25,33
16095,138.0,4.0,25,35
18835,138.0,4.0,29,40
21345,138.0,4.0,25,33
14845,138.0,4.0,26,35
18235,138.0,4.0,29,40
17845,138.0,4.0,25,35
17245,138.0,4.0,25,35
19680,138.0,4.0,27,37
20545,138.0,4.0,27,34
14245,138.0,4.0,26,35
20245,138.0,4.0,27,37
19945,138.0,4.0,27,34
16455,138.0,4.0,26,35
15855,138.0,4.0,26,35
16155,138.0,4.0,26,35
20095,138.0,4.0,27,34
18145,138.0,4.0,24,35
15595,138.0,4.0,24,35
20345,138.0,4.0,27,37
16755,138.0,4.0,26,35
19780,138.0,4.0,27,37
20095,138.0,4.0,27,34
21495,138.0,4.0,25,33
14345,138.0,4.0,26,35
17545,138.0,4.0,24,35
14945,138.0,4.0,26,35
16195,138.0,4.0,24,35
21495,138.0,4.0,25,33
18170,138.0,4.0,24,34
21215,138.0,4.0,27,36
17580,138.0,4.0,25,33
18970,138.0,4.0,24,34
16395,138.0,4.0,24,34
20415,138.0,4.0,27,36
19720,138.0,4.0,28,39
17530,138.0,4.0,28,39
19720,138.0,4.0,28,39
15145,138.0,4.0,25,33
16538,190.0,6.0,15,20
13975,120.0,4.0,19,25
20793,190.0,6.0,14,18
17093,120.0,4.0,17,23
15957,120.0,4.0,19,25
24492,190.0,6.0,14,18
15093,120.0,4.0,17,23
15420,120.0,4.0,17,23
19675,190.0,6.0,12,16
14770,120.0,4.0,19,25
16570,120.0,4.0,19,25
24670,190.0,6.0,14,18
21970,190.0,6.0,12,17
16270,120.0,4.0,19,25
16220,120.0,4.0,17,23
20320,190.0,6.0,12,17
17670,120.0,4.0,17,23
18270,120.0,4.0,19,25
38500,290.0,6.0,18,24
24300,191.0,4.0,20,27
26700,290.0,6.0,18,25
36700,290.0,6.0,18,25
41700,290.0,6.0,18,24
31700,290.0,6.0,18,25
33500,290.0,6.0,18,24
26100,191.0,4.0,19,25
39900,290.0,6.0,18,25
28500,290.0,6.0,18,24
38300,290.0,6.0,18,26
28200,185.0,4.0,21,26
33900,290.0,6.0,18,26
28700,290.0,6.0,18,26
40100,290.0,6.0,17,23
32900,240.0,4.0,19,25
25100,185.0,4.0,21,29
43300,290.0,6.0,17,23
32100,290.0,6.0,18,26
26400,185.0,4.0,21,29
41500,290.0,6.0,18,26
31100,240.0,4.0,20,27
30500,290.0,6.0,18,26
39900,240.0,4.0,20,27
41700,240.0,4.0,19,25
28500,185.0,4.0,21,25
28990,290.0,6.0,18,25
33100,290.0,6.0,18,25
40400,290.0,6.0,17,23
31500,240.0,4.0,20,27
38600,290.0,6.0,18,25
45700,290.0,6.0,17,23
43900,290.0,6.0,18,25
30790,290.0,6.0,18,25
25400,185.0,4.0,21,28
34900,290.0,6.0,18,25
26700,185.0,4.0,21,28
33300,240.0,4.0,19,25
35700,239.0,0.0,120,92
33700,239.0,0.0,120,92
33950,239.0,0.0,120,92
31950,239.0,0.0,120,92
35950,239.0,0.0,120,92
16900,130.0,4.0,24,30
20500,164.0,4.0,23,31
18400,164.0,4.0,23,31
14900,130.0,4.0,24,30
15190,130.0,4.0,24,30
17190,130.0,4.0,24,30
20790,164.0,4.0,23,31
18690,164.0,4.0,23,31
17400,130.0,4.0,24,30
15900,130.0,4.0,24,30
21300,164.0,4.0,24,31
19400,164.0,4.0,24,31
26685,140.0,0.0,128,109
27010,140.0,0.0,128,109
25170,140.0,0.0,128,109
25560,140.0,0.0,128,109
25510,140.0,0.0,128,109
25120,140.0,0.0,128,109
14040,84.0,4.0,31,39
15095,84.0,4.0,30,39
15440,84.0,4.0,31,39
12270,84.0,4.0,31,39
13580,84.0,4.0,30,39
16535,84.0,4.0,30,39
14685,98.0,4.0,30,41
17285,98.0,4.0,31,41
15785,98.0,4.0,31,41
13760,98.0,4.0,31,41
12660,98.0,4.0,30,41
16185,98.0,4.0,30,41
16325,98.0,4.0,29,38
13000,98.0,4.0,29,38
14100,98.0,4.0,30,38
15925,98.0,4.0,30,38
14825,98.0,4.0,29,38
17425,98.0,4.0,30,38
12895,138.0,4.0,23,30
15995,138.0,4.0,23,30
15895,138.0,4.0,23,32
15995,138.0,4.0,23,30
14895,138.0,4.0,23,30
16995,138.0,4.0,23,32
16995,138.0,4.0,23,32
15895,138.0,4.0,24,32
16995,138.0,4.0,24,32
15995,138.0,4.0,23,30
14895,138.0,4.0,23,30
15995,138.0,4.0,23,30
16995,138.0,4.0,24,32
13895,138.0,4.0,24,32
12895,138.0,4.0,23,30
13550,138.0,4.0,23,30
15550,138.0,4.0,23,30
17450,138.0,4.0,24,32
16695,138.0,4.0,23,30
16550,138.0,4.0,24,32
16450,138.0,4.0,23,30
17695,138.0,4.0,24,32
14550,138.0,4.0,24,32
2000,101.0,4.0,22,29
2000,101.0,4.0,21,26
2000,100.0,4.0,19,25
2000,100.0,4.0,19,26
21900,182.0,4.0,21,28
28100,260.0,4.0,20,26
25300,182.0,4.0,21,28
26800,182.0,4.0,19,26
29600,260.0,4.0,19,24
23400,182.0,4.0,19,26
23650,182.0,4.0,19,26
22150,182.0,4.0,21,28
31490,260.0,4.0,19,25
25350,182.0,4.0,21,28
29990,260.0,4.0,20,26
26850,182.0,4.0,19,26
27000,181.0,4.0,21,25
32500,240.0,4.0,21,26
22990,181.0,4.0,22,29
34000,237.0,4.0,20,23
25500,181.0,4.0,22,29
24490,181.0,4.0,21,25
2000,200.0,8.0,11,16
2000,200.0,8.0,11,16
2000,155.0,6.0,14,17
2000,163.0,6.0,13,15
85542,390.0,8.0,10,15
89622,390.0,8.0,10,16
89622,390.0,8.0,10,16
85542,390.0,8.0,10,15
87252,385.0,8.0,10,15
91415,385.0,8.0,11,16
52700,354.0,6.0,17,24
60200,354.0,6.0,17,24
53300,354.0,6.0,17,24
60800,354.0,6.0,17,24
60800,354.0,6.0,17,24
53300,354.0,6.0,17,24
97395,640.0,10.0,12,19
120395,640.0,10.0,12,19
107385,640.0,10.0,12,19
84885,640.0,10.0,12,19
48065,308.0,6.0,16,23
50955,308.0,6.0,16,23
42880,308.0,6.0,17,24
48145,308.0,6.0,17,24
37505,308.0,6.0,17,24
45375,308.0,6.0,16,23
45255,308.0,6.0,17,24
48920,308.0,6.0,17,24
48840,308.0,6.0,16,23
46030,308.0,6.0,17,24
51730,308.0,6.0,16,23
43640,308.0,6.0,17,24
46135,308.0,6.0,16,23
37605,308.0,6.0,17,24
37605,308.0,6.0,17,24
48840,308.0,6.0,16,23
51730,308.0,6.0,16,23
48920,308.0,6.0,17,24
46135,308.0,6.0,16,23
43640,308.0,6.0,17,24
46030,308.0,6.0,17,24
43475,415.0,8.0,14,21
45745,415.0,8.0,14,21
46575,415.0,8.0,14,20
41620,300.0,8.0,14,18
42555,395.0,8.0,14,18
39240,395.0,8.0,14,18
2000,138.0,4.0,19,26
2000,138.0,4.0,19,26
2000,138.0,4.0,18,25
2000,138.0,4.0,19,26
2823,320.0,6.0,16,22
2350,222.0,6.0,17,23
2203,222.0,6.0,17,23
2000,164.0,6.0,17,22
2575,222.0,6.0,17,23
3219,320.0,6.0,16,22
2000,164.0,6.0,17,22
3044,222.0,6.0,17,23
2231,164.0,6.0,17,22
3732,320.0,6.0,16,22
21975,200.0,6.0,19,26
21450,200.0,6.0,19,25
22695,200.0,6.0,18,26
23520,200.0,6.0,18,25
19690,200.0,6.0,19,26
19970,150.0,4.0,20,27
20820,200.0,6.0,19,25
22370,200.0,6.0,17,25
19850,147.0,4.0,21,29
20675,142.0,4.0,19,26
21735,200.0,6.0,19,25
23335,200.0,6.0,19,25
22980,200.0,6.0,18,27
20255,150.0,4.0,19,26
20135,147.0,4.0,21,29
23755,200.0,6.0,19,25
20825,150.0,4.0,20,27
75010,469.0,8.0,12,19
78775,469.0,8.0,13,19
81795,469.0,8.0,13,19
56345,320.0,8.0,15,24
46845,302.0,6.0,17,26
55945,302.0,6.0,18,27
68785,320.0,8.0,15,24
50385,302.0,6.0,18,27
46845,302.0,6.0,18,27
56345,320.0,8.0,15,24
47280,302.0,6.0,18,27
50820,302.0,6.0,18,27
56380,302.0,6.0,18,27
54205,355.0,8.0,16,23
63785,355.0,8.0,16,23
57205,355.0,8.0,15,22
66785,355.0,8.0,15,22
52000,355.0,8.0,15,22
49000,355.0,8.0,16,23
54730,355.0,8.0,16,23
57730,355.0,8.0,15,22
64440,355.0,8.0,16,23
52700,355.0,8.0,15,22
49700,355.0,8.0,16,23
67440,355.0,8.0,15,22
58045,355.0,8.0,15,22
49915,355.0,8.0,16,23
67730,355.0,8.0,15,22
52915,355.0,8.0,15,22
55045,355.0,8.0,16,23
64730,355.0,8.0,16,23
2468,255.0,8.0,12,17
2585,255.0,8.0,11,15
2790,255.0,8.0,12,17
3420,255.0,8.0,12,17
3051,255.0,8.0,12,17
3372,255.0,8.0,12,17
2000,111.0,4.0,22,32
2000,140.0,6.0,17,26
2000,111.0,4.0,22,32
2000,111.0,4.0,22,32
2000,110.0,4.0,22,32
2000,110.0,4.0,22,32
2000,110.0,4.0,22,32
2000,140.0,6.0,17,26
2000,110.0,4.0,22,32
2000,110.0,4.0,22,32
2000,110.0,4.0,22,32
2000,140.0,6.0,17,26
2000,100.0,4.0,20,29
2000,93.0,4.0,23,29
2000,93.0,4.0,23,29
2000,100.0,4.0,20,29
2000,100.0,4.0,22,29
2000,93.0,4.0,23,29
2000,100.0,4.0,22,29
2000,93.0,4.0,23,29
2000,100.0,4.0,21,27
2000,100.0,4.0,21,27
2000,93.0,4.0,23,30
2000,93.0,4.0,23,30
14930,140.0,4.0,22,30
10895,140.0,4.0,23,33
14930,140.0,4.0,23,33
15205,140.0,4.0,23,32
10895,140.0,4.0,23,32
281170,532.0,12.0,9,15
294080,532.0,12.0,9,16
291900,631.0,12.0,12,19
18255,320.0,6.0,16,22
14977,220.0,6.0,16,22
22001,320.0,6.0,15,22
17320,220.0,6.0,16,22
20596,225.0,6.0,17,22
25279,320.0,6.0,15,22
2000,230.0,6.0,15,23
2000,230.0,6.0,15,23
2230,230.0,6.0,15,23
2472,230.0,6.0,15,22
2283,230.0,6.0,15,22
2749,230.0,6.0,15,22
2512,230.0,6.0,15,22
2000,79.0,4.0,33,39
2000,79.0,4.0,31,38
9949,79.0,4.0,26,31
10949,79.0,4.0,26,31
9299,79.0,4.0,31,38
10299,79.0,4.0,31,38
16599,150.0,4.0,22,30
19349,148.0,4.0,23,29
17099,148.0,4.0,23,30
16999,150.0,4.0,22,30
17849,148.0,4.0,23,30
16479,150.0,4.0,23,32
18999,148.0,4.0,23,30
18249,150.0,4.0,22,30
13499,150.0,4.0,23,33
17799,148.0,4.0,23,30
15195,150.0,4.0,23,33
18299,148.0,4.0,23,30
17099,150.0,4.0,22,30
18599,148.0,4.0,23,29
16799,150.0,4.0,22,30
18875,148.0,4.0,23,29
19649,148.0,4.0,23,29
17999,148.0,4.0,23,30
18199,148.0,4.0,25,32
17399,148.0,4.0,25,32
13699,150.0,4.0,23,33
18499,148.0,4.0,23,30
15495,150.0,4.0,23,33
18549,150.0,4.0,22,30
16999,150.0,4.0,22,30
19349,150.0,4.0,22,30
16999,150.0,4.0,22,30
19175,148.0,4.0,23,29
17849,148.0,4.0,25,32
18349,148.0,4.0,23,30
18799,148.0,4.0,23,30
20449,148.0,4.0,23,29
15845,150.0,4.0,23,33
5667,280.0,6.0,13,16
2563,190.0,6.0,15,20
2922,190.0,6.0,15,18
2506,190.0,6.0,15,20
2141,150.0,4.0,18,22
2802,190.0,6.0,15,18
3143,190.0,6.0,15,17
2806,190.0,6.0,15,19
2348,150.0,4.0,17,22
3042,190.0,6.0,15,17
2767,190.0,6.0,15,19
2540,150.0,4.0,17,22
3058,190.0,6.0,15,19
3586,190.0,6.0,15,18
3480,190.0,6.0,15,18
3214,190.0,6.0,15,19
27355,236.0,6.0,15,19
23075,159.0,4.0,19,24
27235,236.0,6.0,16,21
24800,159.0,4.0,18,20
21865,159.0,4.0,19,24
35725,236.0,6.0,15,19
20965,159.0,4.0,21,25
23625,159.0,4.0,19,24
37615,236.0,6.0,16,21
25060,236.0,6.0,17,21
23960,236.0,6.0,17,21
26355,236.0,6.0,15,19
36705,236.0,6.0,16,21
36635,236.0,6.0,15,19
28235,236.0,6.0,16,21
28735,236.0,6.0,16,21
22525,159.0,4.0,19,24
25560,236.0,6.0,17,21
25700,159.0,4.0,18,21
25185,159.0,4.0,19,21
29275,278.0,6.0,18,23
23660,159.0,4.0,19,23
34700,278.0,6.0,18,23
31420,278.0,6.0,18,23
34090,278.0,6.0,18,23
30025,278.0,6.0,19,24
33310,278.0,6.0,18,23
26635,159.0,4.0,19,23
31680,278.0,6.0,17,20
32460,278.0,6.0,17,20
27355,278.0,6.0,19,24
35105,278.0,6.0,19,24
31920,278.0,6.0,18,23
38180,278.0,6.0,18,23
28345,278.0,6.0,19,24
31125,278.0,6.0,19,24
26735,159.0,4.0,19,22
31625,278.0,6.0,19,24
28820,159.0,4.0,19,22
32460,278.0,6.0,17,21
28845,278.0,6.0,19,24
30530,278.0,6.0,18,23
25745,159.0,4.0,19,23
24490,159.0,4.0,19,23
35315,278.0,6.0,18,23
33075,278.0,6.0,17,20
40760,278.0,6.0,17,20
25645,159.0,4.0,19,21
35720,278.0,6.0,19,24
33770,278.0,6.0,18,23
32765,278.0,6.0,18,23
34705,278.0,6.0,18,23
27095,159.0,4.0,19,23
42760,278.0,6.0,18,23
24950,159.0,4.0,19,23
29690,278.0,6.0,19,24
25730,278.0,6.0,19,24
26205,159.0,4.0,19,23
31740,278.0,6.0,19,24
29735,278.0,6.0,18,23
29280,159.0,4.0,19,22
30485,278.0,6.0,19,24
28700,278.0,6.0,19,24
24120,159.0,4.0,19,23
32390,278.0,6.0,17,21
27195,159.0,4.0,19,22
33265,278.0,6.0,18,23
38795,278.0,6.0,18,23
31875,278.0,6.0,18,23
32240,278.0,6.0,19,24
30190,278.0,6.0,19,24
51145,332.0,8.0,20,23
53950,332.0,8.0,20,23
54775,332.0,8.0,20,23
51970,332.0,8.0,20,23
56425,332.0,8.0,20,23
53620,332.0,8.0,20,23
3465,255.0,8.0,11,15
3413,255.0,8.0,12,16
54505,355.0,8.0,16,22
61085,355.0,8.0,16,23
49300,355.0,8.0,16,22
46300,355.0,8.0,16,23
51505,355.0,8.0,16,23
64085,355.0,8.0,16,22
64740,355.0,8.0,16,22
47000,355.0,8.0,16,23
55030,355.0,8.0,16,22
52030,355.0,8.0,16,23
50000,355.0,8.0,16,22
61740,355.0,8.0,16,23
50215,355.0,8.0,16,22
55345,355.0,8.0,16,22
47215,355.0,8.0,16,23
62030,355.0,8.0,16,23
52345,355.0,8.0,16,23
65030,355.0,8.0,16,22
31620,260.0,6.0,15,22
28880,260.0,6.0,15,22
29770,260.0,6.0,16,24
27030,260.0,6.0,16,24
32600,260.0,6.0,15,22
30750,260.0,6.0,16,24
32325,263.0,6.0,17,24
33180,263.0,6.0,15,22
34175,263.0,6.0,15,22
31330,263.0,6.0,17,24
30120,263.0,6.0,15,22
28270,263.0,6.0,17,24
29485,288.0,6.0,19,29
27055,288.0,6.0,19,29
40220,365.0,6.0,17,25
31335,288.0,6.0,18,26
36255,288.0,6.0,18,26
34405,288.0,6.0,19,29
29540,288.0,6.0,18,27
34460,288.0,6.0,18,27
27110,288.0,6.0,18,27
31390,288.0,6.0,17,24
40275,365.0,6.0,16,24
36310,288.0,6.0,17,24
36855,288.0,6.0,18,27
29775,288.0,6.0,18,27
42520,365.0,6.0,16,24
31625,288.0,6.0,17,24
38705,288.0,6.0,17,24
27345,288.0,6.0,18,27
2000,141.0,6.0,15,22
2000,200.0,4.0,16,23
2000,141.0,6.0,16,22
21400,179.0,4.0,23,31
21440,179.0,4.0,23,31
22440,179.0,4.0,23,31
22400,179.0,4.0,23,31
20210,179.0,4.0,23,31
19210,179.0,4.0,23,31
19210,179.0,4.0,23,31
20360,179.0,4.0,23,31
24340,179.0,4.0,23,31
23190,179.0,4.0,23,31
19385,179.0,4.0,23,31
23190,179.0,4.0,23,31
24340,179.0,4.0,23,31
20535,179.0,4.0,23,31
2000,96.0,4.0,21,30
2000,140.0,6.0,19,26
2000,96.0,4.0,21,30
2000,140.0,6.0,19,26
2000,96.0,4.0,21,30
2000,96.0,4.0,21,30
2000,96.0,4.0,21,30
2000,96.0,4.0,21,30
2000,93.0,4.0,27,35
2000,93.0,4.0,27,35
2000,93.0,4.0,29,36
2012,93.0,4.0,28,35
2041,93.0,4.0,28,35
2000,93.0,4.0,28,35
2148,93.0,4.0,27,35
24070,182.0,4.0,22,32
37240,182.0,4.0,20,29
33065,182.0,4.0,22,32
29820,182.0,4.0,22,32
28310,182.0,4.0,20,29
26560,182.0,4.0,22,32
34815,182.0,4.0,20,29
35490,182.0,4.0,22,32
29810,182.0,4.0,20,29
28060,182.0,4.0,22,32
31570,182.0,4.0,20,29
28300,182.0,4.0,22,32
33975,182.0,4.0,22,32
23975,182.0,4.0,22,32
28550,182.0,4.0,20,29
30620,182.0,4.0,22,32
35725,182.0,4.0,20,29
26800,182.0,4.0,22,32
32370,182.0,4.0,20,29
30050,182.0,4.0,20,29
29050,182.0,4.0,20,28
28800,182.0,4.0,21,31
36025,182.0,4.0,20,28
34275,182.0,4.0,21,31
27300,182.0,4.0,21,31
30550,182.0,4.0,20,28
30920,182.0,4.0,21,31
24070,182.0,4.0,21,31
32670,182.0,4.0,20,28
30990,200.0,6.0,15,21
31170,200.0,6.0,16,23
28110,200.0,6.0,16,23
33855,200.0,6.0,15,21
33250,196.0,6.0,15,21
27250,201.0,6.0,16,23
29750,201.0,6.0,16,23
30250,196.0,6.0,15,21
30780,240.0,6.0,16,23
28000,240.0,6.0,16,23
26660,240.0,6.0,16,23
40355,280.0,8.0,16,22
36815,280.0,8.0,16,22
37855,280.0,8.0,16,22
39310,280.0,8.0,16,22
37435,280.0,8.0,15,21
38480,280.0,8.0,15,21
38355,280.0,8.0,16,22
39415,280.0,8.0,16,22
17095,138.0,4.0,19,27
18595,172.0,6.0,17,24
20595,172.0,6.0,16,24
16095,138.0,4.0,21,28
21595,172.0,6.0,17,24
19595,172.0,6.0,17,24
21195,172.0,6.0,17,24
22095,172.0,6.0,16,24
19395,172.0,6.0,17,24
17795,138.0,4.0,20,27
21695,172.0,6.0,17,24
22795,172.0,6.0,17,24
16695,138.0,4.0,20,28
20495,172.0,6.0,20,23
18370,138.0,4.0,20,27
21270,172.0,6.0,17,24
22620,172.0,6.0,17,24
20170,172.0,6.0,17,24
17270,138.0,4.0,20,28
22770,172.0,6.0,17,24
30225,200.0,4.0,20,26
28230,200.0,4.0,20,26
33235,200.0,4.0,20,26
37650,200.0,4.0,21,26
39625,200.0,4.0,20,26
26255,200.0,4.0,21,26
35565,200.0,4.0,20,26
33590,200.0,4.0,21,26
31260,200.0,4.0,21,26
28250,200.0,4.0,21,26
24890,200.0,4.0,21,26
36420,200.0,4.0,20,26
33365,200.0,4.0,20,26
28700,200.0,4.0,21,26
26865,200.0,4.0,20,26
31390,200.0,4.0,21,26
34445,200.0,4.0,21,26
30675,200.0,4.0,20,26
30095,200.0,4.0,20,24
32070,200.0,4.0,20,24
26970,200.0,4.0,20,24
34580,200.0,4.0,20,24
24995,200.0,4.0,20,24
36475,200.0,4.0,20,24
34500,200.0,4.0,20,24
32605,200.0,4.0,20,24
39780,317.0,8.0,12,17
34440,317.0,8.0,13,18
37580,317.0,8.0,12,17
31910,317.0,8.0,13,18
34760,317.0,8.0,12,17
29360,317.0,8.0,13,18
33990,317.0,8.0,13,18
37320,317.0,8.0,12,17
43280,317.0,8.0,12,17
34640,317.0,8.0,12,17
40580,317.0,8.0,13,18
32210,317.0,8.0,12,17
31790,317.0,8.0,13,18
36840,317.0,8.0,12,17
41160,317.0,8.0,13,18
32490,317.0,8.0,12,17
32060,317.0,8.0,13,18
34910,317.0,8.0,12,17
31940,317.0,8.0,13,18
38170,317.0,8.0,12,17
34140,317.0,8.0,13,18
34790,317.0,8.0,12,17
40370,317.0,8.0,12,17
43860,317.0,8.0,12,17
29640,317.0,8.0,13,18
36990,317.0,8.0,12,17
37670,390.0,8.0,15,21
40700,390.0,8.0,15,21
37810,390.0,8.0,15,21
45020,390.0,8.0,15,20
49460,390.0,8.0,15,21
55400,390.0,8.0,15,21
46380,390.0,8.0,15,21
52310,390.0,8.0,15,21
34780,390.0,8.0,15,21
42985,305.0,6.0,18,26
41635,280.0,6.0,20,29
39255,305.0,6.0,18,26
45185,305.0,6.0,18,26
35705,280.0,6.0,20,29
42985,305.0,6.0,17,25
39435,280.0,6.0,20,29
39635,280.0,6.0,20,29
45385,305.0,6.0,18,26
39455,305.0,6.0,18,26
43185,305.0,6.0,17,25
41835,280.0,6.0,20,29
43185,305.0,6.0,18,26
35905,280.0,6.0,20,29
37405,280.0,6.0,20,29
37530,280.0,6.0,20,29
36030,280.0,6.0,20,29
43310,305.0,6.0,17,25
39580,305.0,6.0,18,26
39760,280.0,6.0,20,29
45510,305.0,6.0,18,26
43310,305.0,6.0,18,26
41960,280.0,6.0,20,29
41575,290.0,6.0,21,31
35500,206.0,4.0,24,35
42600,290.0,6.0,21,34
39375,290.0,6.0,21,34
44800,290.0,6.0,21,31
31445,206.0,4.0,24,35
35320,290.0,6.0,21,34
41575,290.0,6.0,21,31
35320,290.0,6.0,21,34
42600,290.0,6.0,21,34
35750,206.0,4.0,24,35
44800,290.0,6.0,21,31
39375,290.0,6.0,21,34
31695,206.0,4.0,24,35
42600,290.0,6.0,21,34
35950,206.0,4.0,24,35
44800,290.0,6.0,21,31
31900,206.0,4.0,24,35
41600,290.0,6.0,21,31
39400,290.0,6.0,21,34
35350,290.0,6.0,21,34
2000,165.0,6.0,16,24
2000,170.0,6.0,16,24
2000,170.0,6.0,16,24
23965,185.0,6.0,17,23
22455,185.0,6.0,17,24
29745,264.0,6.0,16,24
25145,185.0,6.0,17,24
23520,185.0,6.0,17,24
28120,264.0,6.0,16,24
24820,185.0,6.0,17,24
26815,185.0,6.0,17,24
31415,264.0,6.0,16,24
29420,264.0,6.0,17,24
48390,350.0,8.0,12,17
39300,280.0,6.0,14,20
68340,310.0,10.0,15,20
42800,221.0,6.0,17,25
39300,280.0,6.0,14,20
48900,350.0,8.0,13,18
62200,240.0,6.0,20,29
56670,240.0,6.0,20,29
53170,280.0,6.0,17,23
48745,280.0,6.0,17,23
44705,280.0,6.0,17,23
58700,280.0,6.0,17,23
66995,380.0,6.0,20,24
52245,240.0,6.0,20,29
51450,280.0,6.0,17,23
46745,280.0,6.0,17,23
54950,240.0,6.0,21,29
42705,280.0,6.0,17,23
63245,240.0,6.0,21,29
59745,280.0,6.0,17,23
50245,240.0,6.0,21,29
49495,280.0,6.0,17,23
52795,280.0,6.0,17,23
60195,280.0,6.0,17,23
32995,283.0,6.0,17,25
30765,283.0,6.0,17,25
41995,283.0,6.0,17,25
34465,283.0,6.0,17,25
29995,283.0,6.0,17,25
37945,283.0,6.0,17,25
35315,283.0,6.0,17,25
33695,283.0,6.0,17,25
40295,283.0,6.0,17,25
31465,283.0,6.0,17,25
35845,283.0,6.0,17,25
34145,283.0,6.0,17,25
40645,283.0,6.0,17,25
29995,283.0,6.0,17,25
38445,283.0,6.0,17,25
37345,283.0,6.0,17,25
31875,283.0,6.0,17,25
52055,239.0,8.0,16,24
46385,239.0,8.0,16,24
52595,239.0,8.0,16,24
46925,239.0,8.0,16,24
47225,239.0,8.0,16,24
47000,239.0,8.0,16,24
52895,239.0,8.0,16,24
52670,239.0,8.0,16,24
19060,127.0,4.0,20,23
16790,127.0,4.0,20,24
17890,127.0,4.0,20,23
21510,155.0,6.0,16,19
17200,127.0,4.0,20,23
21935,155.0,6.0,16,19
16100,127.0,4.0,20,24
20835,155.0,6.0,17,19
22530,165.0,6.0,16,19
21430,165.0,6.0,17,19
17730,127.0,4.0,20,23
16630,127.0,4.0,20,24
17330,127.0,4.0,20,24
18430,127.0,4.0,20,23
22130,165.0,6.0,16,19
19580,127.0,4.0,20,23
22315,165.0,6.0,17,20
22715,165.0,6.0,17,20
21615,165.0,6.0,17,20
19865,165.0,6.0,17,20
20965,165.0,6.0,17,20
32320,275.0,6.0,14,19
34220,275.0,6.0,14,19
30070,275.0,6.0,13,18
31970,275.0,6.0,13,18
32515,275.0,6.0,12,17
30265,275.0,6.0,13,18
30335,275.0,6.0,12,17
28085,275.0,6.0,13,18
27980,291.0,6.0,14,19
30230,291.0,6.0,14,19
28130,291.0,6.0,14,19
25880,291.0,6.0,14,19
25045,291.0,6.0,14,20
34885,395.0,8.0,13,17
33620,395.0,8.0,12,16
27340,291.0,6.0,14,20
37125,395.0,8.0,12,16
31320,395.0,8.0,13,17
27970,291.0,6.0,14,20
30210,291.0,6.0,14,20
26390,285.0,6.0,14,20
28525,285.0,6.0,14,20
29880,285.0,6.0,14,20
29535,285.0,6.0,14,20
27745,285.0,6.0,14,20
31910,285.0,6.0,14,20
32155,390.0,8.0,12,16
31810,285.0,6.0,14,20
34290,390.0,8.0,12,16
37725,390.0,8.0,12,16
27400,285.0,6.0,14,20
35590,390.0,8.0,12,16
33945,285.0,6.0,14,20
29780,285.0,6.0,14,20
35770,285.0,6.0,14,20
31330,285.0,6.0,14,20
39330,390.0,8.0,12,16
31275,285.0,6.0,14,20
33595,285.0,6.0,14,20
37195,390.0,8.0,12,16
33445,285.0,6.0,14,20
29155,285.0,6.0,14,20
2000,180.0,6.0,17,24
2000,180.0,6.0,16,23
2000,180.0,6.0,16,23
2000,180.0,6.0,16,23
2000,180.0,6.0,16,23
2038,180.0,6.0,16,23
2104,180.0,6.0,16,23
26710,169.0,4.0,20,28
23330,169.0,4.0,21,29
25185,169.0,4.0,20,28
22330,169.0,4.0,21,29
24710,169.0,4.0,20,28
23855,169.0,4.0,21,29
24855,169.0,4.0,21,29
29185,169.0,4.0,20,28
22675,169.0,4.0,21,29
25300,169.0,4.0,20,28
24825,169.0,4.0,20,28
26825,169.0,4.0,20,28
24200,169.0,4.0,21,29
29300,169.0,4.0,20,28
23675,169.0,4.0,21,29
25200,169.0,4.0,21,29
23900,169.0,4.0,20,27
25585,169.0,4.0,19,27
27590,169.0,4.0,19,27
24425,169.0,4.0,20,27
30215,169.0,4.0,19,27
25425,169.0,4.0,20,27
28215,169.0,4.0,19,27
25590,169.0,4.0,19,27
22900,169.0,4.0,20,27
35430,275.0,6.0,14,19
40830,275.0,6.0,14,19
36070,275.0,6.0,14,19
33920,275.0,6.0,14,19
39080,275.0,6.0,14,19
33770,275.0,6.0,14,19
43795,310.0,6.0,14,19
42295,310.0,6.0,14,19
32270,275.0,6.0,14,19
37420,275.0,6.0,14,19
37580,275.0,6.0,14,19
37570,275.0,6.0,14,19
33930,275.0,6.0,14,19
32420,275.0,6.0,14,19
35920,275.0,6.0,14,19
39330,275.0,6.0,14,19
36825,275.0,6.0,14,19
39580,275.0,6.0,14,19
34635,275.0,6.0,14,19
39735,275.0,6.0,14,19
36975,275.0,6.0,14,19
34470,275.0,6.0,14,19
41030,275.0,6.0,14,19
34620,275.0,6.0,14,19
38270,275.0,6.0,14,19
33325,275.0,6.0,14,19
38285,275.0,6.0,14,19
33175,275.0,6.0,14,19
43995,310.0,6.0,14,19
35930,275.0,6.0,14,19
38120,275.0,6.0,14,19
42700,310.0,6.0,14,19
34515,275.0,6.0,14,19
38015,275.0,6.0,14,19
34365,275.0,6.0,14,19
35810,275.0,6.0,14,19
39310,275.0,6.0,14,19
40770,275.0,6.0,14,19
42075,275.0,6.0,14,19
43370,275.0,6.0,14,19
37120,275.0,6.0,14,19
39475,275.0,6.0,14,19
35660,275.0,6.0,14,19
35825,275.0,6.0,14,19
42220,275.0,6.0,14,19
39460,275.0,6.0,14,19
38165,275.0,6.0,14,19
40925,275.0,6.0,14,19
43935,288.0,6.0,16,23
30995,281.0,6.0,17,24
38295,281.0,6.0,16,23
32995,281.0,6.0,16,23
33795,281.0,6.0,17,24
35795,281.0,6.0,16,23
36295,281.0,6.0,17,24
41935,288.0,6.0,17,24
44145,288.0,6.0,15,22
34005,281.0,6.0,15,22
42145,288.0,6.0,15,22
28700,281.0,6.0,15,22
36505,281.0,6.0,15,22
38505,281.0,6.0,15,22
31205,281.0,6.0,15,22
36005,281.0,6.0,15,22
33205,281.0,6.0,15,22
38650,281.0,6.0,15,22
28700,281.0,6.0,15,22
34100,281.0,6.0,15,22
31300,281.0,6.0,15,22
44045,288.0,6.0,15,22
33300,281.0,6.0,15,22
36100,281.0,6.0,15,22
36650,281.0,6.0,15,22
42045,288.0,6.0,15,22
25030,138.0,4.0,26,34
26530,138.0,4.0,24,31
23945,138.0,4.0,24,31
20120,138.0,4.0,26,34
21620,138.0,4.0,24,31
22445,138.0,4.0,26,34
20040,138.0,4.0,26,34
21540,138.0,4.0,24,31
24145,138.0,4.0,24,31
21800,138.0,4.0,24,31
25230,138.0,4.0,26,34
26730,138.0,4.0,24,31
20300,138.0,4.0,26,34
22645,138.0,4.0,26,34
24400,138.0,4.0,24,30
26100,138.0,4.0,25,33
27600,138.0,4.0,24,30
22900,138.0,4.0,25,33
22500,138.0,4.0,24,30
21000,138.0,4.0,25,33
35895,256.0,6.0,16,21
30595,256.0,6.0,16,21
32595,256.0,6.0,16,21
32595,256.0,6.0,16,21
34095,256.0,6.0,16,21
27995,133.0,4.0,34,30
27235,133.0,4.0,29,27
29745,133.0,4.0,29,27
25485,133.0,4.0,34,30
29175,177.0,4.0,34,31
31695,177.0,4.0,34,31
30925,177.0,4.0,29,27
33445,177.0,4.0,29,27
23545,171.0,4.0,19,25
19730,171.0,4.0,22,28
25885,240.0,6.0,18,26
24620,171.0,4.0,20,28
24805,240.0,6.0,17,24
24690,171.0,4.0,19,25
26375,171.0,4.0,19,25
25950,240.0,6.0,17,24
22935,171.0,4.0,20,28
21790,171.0,4.0,20,28
24200,240.0,6.0,18,26
23055,240.0,6.0,18,26
27635,240.0,6.0,17,24
24200,171.0,4.0,20,26
27305,171.0,4.0,20,26
23590,171.0,4.0,21,28
25550,171.0,4.0,21,28
20405,171.0,4.0,22,28
22445,171.0,4.0,21,28
27165,240.0,6.0,19,25
28915,240.0,6.0,18,23
25345,171.0,4.0,20,26
25700,171.0,4.0,21,28
25495,171.0,4.0,20,26
23740,171.0,4.0,21,28
29065,240.0,6.0,18,23
22595,171.0,4.0,21,28
24350,171.0,4.0,20,26
20555,171.0,4.0,23,28
27455,171.0,4.0,20,26
27315,240.0,6.0,19,25
12840,135.0,4.0,21,25
19885,207.0,6.0,16,20
18090,147.0,6.0,17,21
22630,207.0,6.0,14,18
15670,147.0,6.0,17,21
20575,147.0,6.0,16,20
21410,207.0,6.0,14,17
23150,207.0,6.0,14,17
16975,147.0,6.0,17,21
19215,147.0,6.0,17,21
13930,135.0,4.0,21,26
20880,207.0,6.0,15,20
18885,147.0,6.0,17,21
18050,135.0,4.0,21,26
19975,207.0,6.0,14,17
2000,134.0,4.0,19,24
2121,153.0,6.0,16,20
2000,134.0,4.0,19,24
2000,153.0,6.0,16,20
2281,134.0,4.0,16,19
2436,153.0,6.0,14,17
2494,153.0,6.0,14,17
2130,134.0,4.0,16,19
2000,134.0,4.0,19,24
2122,134.0,4.0,19,24
2762,134.0,4.0,15,18
2354,134.0,4.0,15,18
2647,134.0,4.0,15,18
2547,134.0,4.0,19,24
2326,134.0,4.0,19,24
2918,134.0,4.0,15,18
2391,134.0,4.0,19,23
3140,134.0,4.0,15,18
2550,134.0,4.0,19,23
2676,134.0,4.0,15,18
2241,134.0,4.0,19,23
2837,134.0,4.0,19,23
35010,201.0,4.0,22,30
31360,201.0,4.0,22,30
35510,201.0,4.0,22,30
31860,201.0,4.0,22,30
35635,201.0,4.0,22,30
31985,201.0,4.0,22,30
30010,201.0,4.0,22,31
35550,280.0,6.0,19,28
38650,280.0,6.0,19,28
33110,201.0,4.0,22,31
31010,201.0,4.0,22,31
31010,201.0,4.0,21,29
30510,201.0,4.0,22,31
31510,201.0,4.0,22,31
31510,201.0,4.0,21,29
33610,201.0,4.0,22,31
39150,280.0,6.0,19,28
31635,201.0,4.0,21,29
30635,201.0,4.0,22,31
39275,280.0,6.0,19,28
33735,201.0,4.0,22,31
31635,201.0,4.0,22,31
56850,360.0,5.0,18,25
57200,360.0,5.0,18,25
43350,211.0,4.0,22,31
40350,211.0,4.0,22,31
42900,220.0,4.0,23,30
46400,220.0,4.0,23,30
47000,220.0,4.0,23,30
43500,220.0,4.0,23,30
51700,265.0,4.0,22,31
48700,265.0,4.0,22,31
51900,292.0,4.0,23,27
52500,292.0,4.0,23,27
26450,182.0,4.0,21,28
21650,164.0,4.0,23,29
27950,182.0,4.0,20,25
23700,182.0,4.0,21,28
25200,180.0,4.0,20,25
23150,164.0,4.0,21,25
25200,182.0,4.0,20,25
27950,180.0,4.0,20,25
24150,175.0,4.0,26,33
25550,175.0,4.0,25,31
29900,175.0,4.0,25,30
24100,164.0,4.0,21,26
31300,175.0,4.0,24,28
27550,175.0,4.0,24,28
26150,175.0,4.0,25,30
22700,164.0,4.0,23,31
22700,164.0,4.0,23,30
24100,164.0,4.0,21,26
29775,175.0,4.0,25,30
25900,175.0,4.0,25,30
31175,175.0,4.0,24,28
27300,175.0,4.0,24,28
24150,175.0,4.0,26,32
25550,175.0,4.0,25,30
33210,310.0,8.0,14,18
29120,381.0,8.0,13,18
44925,381.0,8.0,13,18
40685,381.0,8.0,13,17
44000,381.0,8.0,13,17
33390,381.0,8.0,13,17
33060,381.0,8.0,13,17
47975,381.0,8.0,13,17
34710,381.0,8.0,13,17
30160,310.0,8.0,15,19
34710,381.0,8.0,13,17
40685,381.0,8.0,13,17
31560,310.0,8.0,14,18
44000,381.0,8.0,13,17
35040,381.0,8.0,13,17
37030,381.0,8.0,13,17
42550,381.0,8.0,13,17
42550,381.0,8.0,13,17
35530,310.0,8.0,14,18
33060,381.0,8.0,13,17
37030,381.0,8.0,13,17
32170,381.0,8.0,13,17
41385,381.0,8.0,13,17
39500,381.0,8.0,13,18
35040,381.0,8.0,13,17
33390,381.0,8.0,13,17
41385,381.0,8.0,13,17
32480,310.0,8.0,15,19
37635,381.0,8.0,13,18
28510,310.0,8.0,15,19
47975,381.0,8.0,13,17
33980,381.0,8.0,13,18
30010,381.0,8.0,13,18
31660,381.0,8.0,13,18
31990,381.0,8.0,13,18
32170,381.0,8.0,13,17
30340,381.0,8.0,13,18
34220,381.0,8.0,13,17
30840,381.0,8.0,13,18
34000,310.0,8.0,14,18
45560,381.0,8.0,13,17
32980,381.0,8.0,13,18
38670,381.0,8.0,13,18
36320,310.0,8.0,14,18
34970,381.0,8.0,13,18
46530,381.0,8.0,13,18
43585,381.0,8.0,13,17
42945,381.0,8.0,13,17
42945,381.0,8.0,13,17
30840,381.0,8.0,13,18
41720,381.0,8.0,13,17
49580,381.0,8.0,13,17
46530,381.0,8.0,13,18
40535,381.0,8.0,13,18
38020,381.0,8.0,13,17
49580,381.0,8.0,13,17
29140,310.0,8.0,15,19
29950,381.0,8.0,13,18
33270,310.0,8.0,15,19
32650,381.0,8.0,13,18
32190,310.0,8.0,14,18
36030,381.0,8.0,13,17
33000,381.0,8.0,13,17
31170,381.0,8.0,13,18
34220,381.0,8.0,13,17
35700,381.0,8.0,13,17
32980,381.0,8.0,13,18
29950,381.0,8.0,13,18
38670,381.0,8.0,13,18
41720,381.0,8.0,13,17
34970,381.0,8.0,13,18
30950,310.0,8.0,15,19
45560,381.0,8.0,13,17
43585,381.0,8.0,13,17
32650,381.0,8.0,13,18
33890,381.0,8.0,13,17
40535,381.0,8.0,13,18
36030,381.0,8.0,13,17
35700,381.0,8.0,13,17
33000,381.0,8.0,13,17
33890,381.0,8.0,13,17
31170,381.0,8.0,13,18
38020,381.0,8.0,13,17
33450,381.0,8.0,13,17
50030,381.0,8.0,13,17
35420,381.0,8.0,13,18
42330,381.0,8.0,13,17
31830,310.0,8.0,15,19
46980,381.0,8.0,13,18
42330,381.0,8.0,13,17
46980,381.0,8.0,13,18
44195,381.0,8.0,13,17
39280,381.0,8.0,13,18
34880,310.0,8.0,14,18
46010,381.0,8.0,13,17
30400,381.0,8.0,13,18
38470,381.0,8.0,13,17
33430,381.0,8.0,13,18
41145,381.0,8.0,13,18
43395,381.0,8.0,13,17
34150,310.0,8.0,15,19
30400,381.0,8.0,13,18
31620,381.0,8.0,13,18
50030,381.0,8.0,13,17
33100,381.0,8.0,13,18
43395,381.0,8.0,13,17
31620,381.0,8.0,13,18
36480,381.0,8.0,13,17
31290,381.0,8.0,13,18
33430,381.0,8.0,13,18
34340,381.0,8.0,13,17
37200,310.0,8.0,14,18
44195,381.0,8.0,13,17
31290,381.0,8.0,13,18
34340,381.0,8.0,13,17
36150,381.0,8.0,13,17
34670,381.0,8.0,13,17
33100,381.0,8.0,13,18
30020,310.0,8.0,15,19
33070,310.0,8.0,14,18
35420,381.0,8.0,13,18
36480,381.0,8.0,13,17
39280,381.0,8.0,13,18
36150,381.0,8.0,13,17
46010,381.0,8.0,13,17
41145,381.0,8.0,13,18
33450,381.0,8.0,13,17
38470,381.0,8.0,13,17
34670,381.0,8.0,13,17
5895,285.0,6.0,14,17
6890,285.0,6.0,13,17
22750,201.0,6.0,16,23
28250,201.0,6.0,16,23
26250,201.0,6.0,16,23
19250,201.0,6.0,16,23
21150,201.0,6.0,16,23
30250,201.0,6.0,16,23
33250,196.0,6.0,15,21
20205,240.0,6.0,16,23
22105,240.0,6.0,16,23
23280,240.0,6.0,16,23
27405,240.0,6.0,16,23
33050,240.0,6.0,16,23
29350,240.0,6.0,16,23
21540,240.0,6.0,16,23
24250,240.0,6.0,16,23
23080,240.0,6.0,16,23
29330,240.0,6.0,16,23
234260,460.0,12.0,11,18
234260,460.0,12.0,10,16
255000,520.0,12.0,10,16
260000,520.0,12.0,10,16
182395,565.0,12.0,12,18
198195,565.0,12.0,12,18
183695,565.0,12.0,12,18
191995,510.0,12.0,11,17
180535,510.0,12.0,11,17
180535,510.0,12.0,11,17
195895,510.0,12.0,11,17
24900,160.0,4.0,19,27
24900,170.0,4.0,19,27
25700,170.0,4.0,19,27
29845,170.0,4.0,19,27
29800,168.0,5.0,20,31
35500,227.0,5.0,18,26
33050,227.0,5.0,20,26
28700,168.0,5.0,21,30
32850,227.0,5.0,21,30
29000,227.0,5.0,21,30
41000,250.0,5.0,20,28
44650,250.0,5.0,20,28
41200,250.0,5.0,20,28
44850,250.0,5.0,20,28
41700,240.0,4.0,22,30
45350,240.0,4.0,22,30
45400,325.0,6.0,19,28
37450,250.0,5.0,20,29
35750,240.0,4.0,25,37
45150,325.0,6.0,19,28
37250,250.0,5.0,20,29
35950,240.0,4.0,25,37
46050,302.0,4.0,22,31
43520,250.0,5.0,20,29
61300,345.0,6.0,18,27
39600,250.0,5.0,20,29
49450,302.0,4.0,22,31
36150,240.0,4.0,25,29
41750,240.0,4.0,25,29
49200,325.0,6.0,18,27
45800,325.0,6.0,18,27
38100,240.0,4.0,25,29
37650,250.0,5.0,20,29
48950,302.0,4.0,23,31
36150,240.0,4.0,25,36
41750,240.0,4.0,25,36
38100,240.0,4.0,25,36
32465,235.0,6.0,16,24
32900,235.0,6.0,16,25
33550,235.0,6.0,18,27
38000,235.0,6.0,18,27
145200,430.0,8.0,13,19
131200,420.0,8.0,13,19
130700,430.0,8.0,13,19
122400,420.0,8.0,14,21
116700,420.0,8.0,13,19
136900,420.0,8.0,14,21
136400,430.0,8.0,14,21
150900,430.0,8.0,14,21
147495,430.0,8.0,13,19
132995,430.0,8.0,13,19
98200,430.0,8.0,13,19
117995,430.0,8.0,13,19
103900,430.0,8.0,14,21
153195,430.0,8.0,14,21
138695,430.0,8.0,14,21
112700,430.0,8.0,13,19
123695,430.0,8.0,14,21
138195,430.0,8.0,14,21
118400,430.0,8.0,14,21
132495,430.0,8.0,13,19
148795,430.0,8.0,13,19
134295,430.0,8.0,13,19
103300,430.0,8.0,13,19
126995,430.0,8.0,14,21
117800,430.0,8.0,13,19
141495,430.0,8.0,14,21
135795,430.0,8.0,13,19
154495,430.0,8.0,14,21
139995,430.0,8.0,14,21
109000,430.0,8.0,14,21
121295,430.0,8.0,13,19
123500,430.0,8.0,14,21
2000,276.0,8.0,13,18
2149,276.0,8.0,13,18
2239,276.0,8.0,13,18
2200,181.0,6.0,16,23
2000,90.0,4.0,14,15
2000,90.0,4.0,15,16
2000,90.0,4.0,16,18
2000,90.0,4.0,16,18
2000,200.0,6.0,15,20
2000,165.0,6.0,15,20
2000,165.0,6.0,15,20
2000,200.0,8.0,12,16
2000,165.0,6.0,15,20
2000,165.0,6.0,13,15
2000,165.0,6.0,15,20
2000,106.0,4.0,15,19
2000,106.0,4.0,16,20
296295,565.0,12.0,13,19
278295,565.0,12.0,13,19
301695,568.0,12.0,13,21
283695,568.0,12.0,13,21
287650,568.0,12.0,13,21
305650,568.0,12.0,13,21
302695,568.0,12.0,13,21
320695,568.0,12.0,13,21
2000,107.0,4.0,16,19
2000,107.0,4.0,18,20
23300,201.0,4.0,24,31
19050,132.0,4.0,28,36
21650,132.0,4.0,28,36
22300,201.0,4.0,24,33
17800,138.0,4.0,26,35
21300,201.0,4.0,24,33
19250,132.0,4.0,27,36
23600,201.0,4.0,24,31
21950,132.0,4.0,27,36
18000,138.0,4.0,26,35
22600,201.0,4.0,24,33
21600,201.0,4.0,24,33
19100,132.0,4.0,28,36
18000,132.0,4.0,27,35
23950,201.0,4.0,25,33
21600,201.0,4.0,25,33
23800,201.0,4.0,27,33
22600,201.0,4.0,25,33
31790,185.0,6.0,16,22
33790,185.0,6.0,16,22
24040,185.0,6.0,17,24
26340,185.0,6.0,17,24
22440,185.0,6.0,17,24
29740,185.0,6.0,16,22
21365,185.0,6.0,17,24
22465,185.0,6.0,17,24
31490,185.0,6.0,17,24
25165,185.0,6.0,17,24
29240,185.0,6.0,17,24
30240,185.0,6.0,17,24
30575,185.0,6.0,17,24
33625,185.0,6.0,16,22
26675,185.0,6.0,17,24
22600,185.0,6.0,17,24
21475,185.0,6.0,17,24
23225,185.0,6.0,17,24
30760,185.0,6.0,17,24
23165,185.0,6.0,17,24
26835,185.0,6.0,17,24
23365,185.0,6.0,17,24
31510,181.0,4.0,20,26
39020,268.0,6.0,18,25
31120,268.0,6.0,18,25
37570,268.0,6.0,19,26
29670,268.0,6.0,19,26
33330,268.0,6.0,19,26
27850,181.0,4.0,20,26
32960,181.0,4.0,20,26
34780,268.0,6.0,18,25
29300,181.0,4.0,20,26
29770,268.0,6.0,19,26
39570,268.0,6.0,18,25
29400,181.0,4.0,20,26
33630,268.0,6.0,19,26
35080,268.0,6.0,18,25
31220,268.0,6.0,18,25
27950,181.0,4.0,20,26
38120,268.0,6.0,19,26
31810,181.0,4.0,20,26
33260,181.0,4.0,20,26
35600,268.0,6.0,18,25
33560,181.0,4.0,20,26
39940,268.0,6.0,18,25
29065,181.0,4.0,20,26
32110,181.0,4.0,20,26
34150,268.0,6.0,19,26
30515,181.0,4.0,20,26
35895,260.0,6.0,16,22
28145,260.0,6.0,17,23
34195,260.0,6.0,17,23
30045,260.0,6.0,16,22
28345,260.0,6.0,17,22
34395,260.0,6.0,17,22
36095,260.0,6.0,16,21
30245,260.0,6.0,16,21
30245,260.0,6.0,16,21
36195,260.0,6.0,16,21
34495,260.0,6.0,17,22
28345,260.0,6.0,17,22
21065,180.0,4.0,21,32
29215,250.0,4.0,21,30
27050,180.0,4.0,21,32
25020,180.0,4.0,21,32
23380,180.0,4.0,21,32
23480,180.0,4.0,21,32
24475,180.0,4.0,21,32
24065,180.0,4.0,21,32
21065,180.0,4.0,21,32
26505,180.0,4.0,21,32
28670,250.0,4.0,21,30
21065,180.0,4.0,21,31
26555,180.0,4.0,21,31
24115,180.0,4.0,21,31
17199,155.0,6.0,17,25
20199,155.0,6.0,17,25
18499,155.0,6.0,17,25
19349,155.0,6.0,18,25
21049,155.0,6.0,18,25
17549,155.0,6.0,18,25
20549,155.0,6.0,18,25
20299,155.0,6.0,17,25
18299,155.0,6.0,17,25
17930,109.0,4.0,31,40
18660,109.0,4.0,31,40
17960,109.0,4.0,31,40
16330,109.0,4.0,31,40
15430,109.0,4.0,31,40
14180,109.0,4.0,27,36
17530,109.0,4.0,31,40
16380,109.0,4.0,31,40
14230,109.0,4.0,27,36
17980,109.0,4.0,31,40
18710,109.0,4.0,31,40
15480,109.0,4.0,31,40
15480,109.0,4.0,31,39
17980,109.0,4.0,31,39
16380,109.0,4.0,31,39
18710,109.0,4.0,31,39
13990,109.0,4.0,31,40
15530,109.0,4.0,31,40
16890,109.0,4.0,31,40
11990,109.0,4.0,27,36
17590,109.0,4.0,31,40
13490,109.0,4.0,26,35
14040,109.0,4.0,31,40
13540,109.0,4.0,26,35
15580,109.0,4.0,31,40
17140,109.0,4.0,31,40
11990,109.0,4.0,27,36
17280,109.0,4.0,31,39
13680,109.0,4.0,26,35
11990,109.0,4.0,27,36
14130,109.0,4.0,31,39
15720,109.0,4.0,31,39
2065902,1001.0,16.0,8,14
1500000,1001.0,16.0,8,14
1705769,1001.0,16.0,8,14
16855,126.0,4.0,26,33
16100,132.0,4.0,26,32
16495,158.0,4.0,21,28
20875,158.0,4.0,21,28
20475,158.0,4.0,20,26
20275,158.0,4.0,20,26
16100,132.0,4.0,26,32
20875,158.0,4.0,21,28
17445,158.0,4.0,21,28
2000,176.0,5.0,18,24
2000,176.0,5.0,18,24
2000,176.0,5.0,18,24
107995,645.0,10.0,12,21
94995,645.0,10.0,12,21
84995,645.0,10.0,12,21
95895,645.0,10.0,12,21
87895,645.0,10.0,12,21
118795,645.0,10.0,12,21
107995,645.0,10.0,12,21
95895,645.0,10.0,12,19
87895,645.0,10.0,12,19
118795,645.0,10.0,12,19
107995,645.0,10.0,12,19
208295,490.0,12.0,13,18
223295,490.0,12.0,13,18
16599,127.0,4.0,20,23
17999,127.0,4.0,20,23
17799,127.0,4.0,20,23
16999,127.0,4.0,20,23
15999,127.0,4.0,20,24
18199,127.0,4.0,20,23
19199,127.0,4.0,20,23
16799,127.0,4.0,20,23
18199,127.0,4.0,20,23
16999,127.0,4.0,20,23
15599,127.0,4.0,20,24
16799,127.0,4.0,20,23
19199,165.0,6.0,17,20
17999,165.0,6.0,17,20
18199,165.0,6.0,17,20
16999,165.0,6.0,17,21
23525,180.0,6.0,16,22
19160,150.0,4.0,18,22
23640,180.0,6.0,16,22
16430,150.0,4.0,17,24
19155,150.0,4.0,17,23
20960,150.0,4.0,18,25
23790,180.0,6.0,17,24
2000,150.0,4.0,18,24
2000,150.0,6.0,17,24
2166,158.0,6.0,16,22
2110,158.0,6.0,16,22
2000,150.0,4.0,18,24
2317,158.0,6.0,16,23
2008,150.0,4.0,18,24
20220,200.0,6.0,16,22
20585,200.0,6.0,16,21
21075,200.0,6.0,16,22
31115,200.0,6.0,16,22
25000,200.0,6.0,16,22
27435,200.0,6.0,16,22
22185,200.0,6.0,16,22
28595,200.0,6.0,16,22
33765,200.0,6.0,16,22
28900,200.0,6.0,16,21
27460,200.0,6.0,16,21
26375,200.0,6.0,16,21
31630,200.0,6.0,16,21
34040,200.0,6.0,16,21
22340,200.0,6.0,16,21
27870,200.0,6.0,16,22
23070,200.0,6.0,16,22
26315,200.0,6.0,16,22
29230,200.0,6.0,16,22
34825,200.0,6.0,16,22
31835,200.0,6.0,16,22
284900,624.0,12.0,13,21
294025,624.0,12.0,13,21
304350,624.0,12.0,13,21
37395,305.0,4.0,17,23
31195,268.0,4.0,19,25
38495,305.0,4.0,17,23
34495,305.0,4.0,17,23
29995,268.0,4.0,21,28
29695,268.0,4.0,19,25
26295,268.0,4.0,21,28
28495,268.0,4.0,21,28
34695,305.0,4.0,17,23
39995,305.0,4.0,17,23
28895,268.0,4.0,20,27
38995,305.0,4.0,17,23
30395,268.0,4.0,20,27
31595,268.0,4.0,18,24
30095,268.0,4.0,18,24
26595,268.0,4.0,20,27
39995,305.0,4.0,17,23
26695,268.0,4.0,20,27
30195,268.0,4.0,18,24
30995,268.0,4.0,20,27
32195,268.0,4.0,18,24
28995,268.0,4.0,20,27
35195,305.0,4.0,17,23
2000,95.0,4.0,22,26
2000,95.0,4.0,22,26
2000,95.0,4.0,22,26
2000,95.0,4.0,22,26
2000,95.0,4.0,22,26
2000,95.0,4.0,22,26
31200,240.0,4.0,23,34
33000,240.0,4.0,22,32
39100,300.0,6.0,18,27
34800,228.0,4.0,22,32
33100,228.0,4.0,23,32
35100,228.0,4.0,22,31
45500,300.0,6.0,19,26
40500,240.0,4.0,21,28
42000,180.0,4.0,27,34
38500,240.0,4.0,21,28
38950,240.0,4.0,21,28
46800,300.0,6.0,19,27
40950,240.0,4.0,21,28
42450,180.0,4.0,27,34
42750,180.0,4.0,27,34
47950,300.0,6.0,19,26
41250,240.0,4.0,21,28
39250,240.0,4.0,21,28
44700,240.0,4.0,20,28
48000,300.0,6.0,19,27
57800,360.0,6.0,18,25
45250,240.0,4.0,20,28
49700,300.0,6.0,19,27
58100,355.0,6.0,19,26
45550,240.0,4.0,20,28
98700,567.0,8.0,14,19
98800,567.0,8.0,14,19
98800,567.0,8.0,14,19
57700,255.0,6.0,24,31
53900,300.0,6.0,19,27
56200,300.0,6.0,18,27
70100,445.0,8.0,15,22
57000,300.0,6.0,18,24
71500,445.0,8.0,15,21
57700,255.0,6.0,23,30
54700,300.0,6.0,18,25
57800,300.0,6.0,18,24
55500,300.0,6.0,18,25
59300,255.0,6.0,23,30
72300,445.0,8.0,15,21
102100,567.0,8.0,14,19
102200,567.0,8.0,14,19
102200,567.0,8.0,14,19
61900,300.0,6.0,18,27
72900,445.0,8.0,15,22
59600,300.0,6.0,19,27
62900,300.0,6.0,18,24
60600,300.0,6.0,18,25
75300,445.0,8.0,15,21
61400,300.0,6.0,18,25
76100,445.0,8.0,15,21
63700,300.0,6.0,18,24
12480,108.0,4.0,27,34
13280,108.0,4.0,27,34
13330,108.0,4.0,27,35
12530,108.0,4.0,27,34
13580,103.0,4.0,27,35
12780,103.0,4.0,27,34
16970,158.0,4.0,22,28
19210,158.0,4.0,22,28
17920,158.0,4.0,22,28
20160,158.0,4.0,22,28
16970,158.0,4.0,22,28
20420,158.0,4.0,22,28
17920,158.0,4.0,22,28
18070,158.0,4.0,22,28
19685,158.0,4.0,22,28
17120,158.0,4.0,22,28
51050,325.0,6.0,17,24
45550,300.0,6.0,17,24
46750,302.0,4.0,22,30
48250,300.0,6.0,17,24
41550,300.0,6.0,17,24
42650,300.0,6.0,17,24
38850,240.0,4.0,24,31
39650,240.0,4.0,24,31
42950,300.0,6.0,17,24
43850,300.0,6.0,17,24
43900,240.0,4.0,24,31
37250,240.0,6.0,18,25
45550,302.0,4.0,22,30
41450,302.0,4.0,22,30
35750,240.0,4.0,24,31
45800,325.0,6.0,17,24
42850,240.0,4.0,24,31
40250,240.0,4.0,24,31
47200,325.0,6.0,17,24
41750,240.0,6.0,18,25
40350,240.0,6.0,18,25
44050,302.0,4.0,22,30
36400,240.0,4.0,24,31
49800,325.0,6.0,17,24
47050,300.0,6.0,17,24
45400,250.0,5.0,18,25
42350,302.0,4.0,22,30
41150,250.0,5.0,18,25
40050,302.0,4.0,22,30
37900,250.0,5.0,18,25
46950,325.0,6.0,17,24
41150,302.0,4.0,22,30
44350,240.0,6.0,18,25
41350,302.0,4.0,22,29
38100,250.0,5.0,19,26
41350,250.0,5.0,19,26
46950,325.0,6.0,17,23
42650,300.0,6.0,17,23
47200,302.0,4.0,20,28
47050,300.0,6.0,17,23
36600,240.0,4.0,23,31
44150,240.0,4.0,23,31
47750,302.0,4.0,20,28
51050,325.0,6.0,17,23
45650,250.0,5.0,19,26
43350,302.0,4.0,20,28
51300,302.0,4.0,20,28
45750,302.0,4.0,22,29
39850,240.0,4.0,23,31
40950,240.0,4.0,23,30
46350,302.0,4.0,20,29
51000,302.0,4.0,20,29
34500,240.0,6.0,18,26
40950,300.0,6.0,17,24
42050,300.0,6.0,17,24
36900,240.0,6.0,18,25
36050,240.0,4.0,24,31
41800,300.0,6.0,17,24
37550,240.0,6.0,18,25
35400,240.0,4.0,24,31
46675,240.0,4.0,23,31
43050,250.0,5.0,19,26
48175,250.0,5.0,19,26
41550,240.0,4.0,23,31
47175,250.0,5.0,19,26
38600,250.0,5.0,19,26
37100,240.0,4.0,23,31
45675,240.0,4.0,23,31
42050,250.0,5.0,19,26
40550,240.0,4.0,23,31
39700,240.0,6.0,16,25
42700,240.0,6.0,16,25
53250,250.0,4.0,22,25
49800,316.0,4.0,20,25
43950,250.0,4.0,22,26
55400,316.0,4.0,20,25
53800,316.0,4.0,20,25
51250,250.0,4.0,22,26
65700,316.0,4.0,20,25
51350,250.0,4.0,22,25
45950,250.0,4.0,22,25
49350,250.0,4.0,22,26
51150,250.0,4.0,22,26
57200,316.0,4.0,20,25
51600,316.0,4.0,20,25
45750,250.0,4.0,22,26
55600,316.0,4.0,20,25
36500,197.0,5.0,17,23
15345,128.0,4.0,27,33
16145,128.0,4.0,27,33
16250,128.0,4.0,27,33
17050,128.0,4.0,27,33
18955,128.0,4.0,27,33
16545,128.0,4.0,27,33
18155,128.0,4.0,27,33
15745,128.0,4.0,27,33
15920,128.0,4.0,27,33
16720,128.0,4.0,27,33
24999,192.0,6.0,17,25
23499,192.0,6.0,17,25
23999,194.0,6.0,15,24
25599,194.0,6.0,15,24
25599,194.0,6.0,15,24
23999,194.0,6.0,15,24
24899,194.0,6.0,16,24
26499,194.0,6.0,16,24
25799,185.0,6.0,16,21
27499,185.0,6.0,15,20
21999,185.0,6.0,15,20
23799,185.0,6.0,16,21
22599,185.0,6.0,16,21
22999,185.0,6.0,15,20
25499,185.0,6.0,15,20
24499,185.0,6.0,15,20
20099,185.0,6.0,15,20
21099,185.0,6.0,16,21
22299,185.0,6.0,15,20
24799,185.0,6.0,15,20
20899,185.0,6.0,15,20
21899,185.0,6.0,16,21
27799,185.0,6.0,15,20
23299,185.0,6.0,15,20
21399,185.0,6.0,16,21
25799,185.0,6.0,15,20
22899,185.0,6.0,16,21
23399,185.0,6.0,16,21
24099,185.0,6.0,16,21
20399,185.0,6.0,15,20
26099,185.0,6.0,16,21
24899,185.0,6.0,15,20
26699,185.0,6.0,15,20
23199,185.0,6.0,15,20
23699,185.0,6.0,16,21
25499,185.0,6.0,16,21
21999,185.0,6.0,16,21
24599,252.0,6.0,16,22
29549,252.0,6.0,16,21
27949,252.0,6.0,16,22
28349,252.0,6.0,16,21
25949,252.0,6.0,16,22
24599,252.0,6.0,16,21
31749,252.0,6.0,16,21
26999,252.0,6.0,16,21
27549,252.0,6.0,16,21
24349,252.0,6.0,16,22
25949,252.0,6.0,16,21
26199,252.0,6.0,16,21
25399,252.0,6.0,16,22
28649,252.0,6.0,16,21
27049,252.0,6.0,16,22
22999,252.0,6.0,16,22
30149,252.0,6.0,16,22
26749,252.0,6.0,16,22
25199,252.0,6.0,15,22
29149,252.0,6.0,15,22
27499,252.0,6.0,16,22
26599,252.0,6.0,16,22
23549,252.0,6.0,16,22
25099,252.0,6.0,16,22
21599,252.0,6.0,16,22
25049,252.0,6.0,16,22
26699,252.0,6.0,15,22
26749,252.0,6.0,15,22
28249,252.0,6.0,15,22
28280,252.0,6.0,17,24
29930,252.0,6.0,16,23
28580,252.0,6.0,17,24
29079,252.0,6.0,16,23
27429,252.0,6.0,17,24
25745,252.0,6.0,17,24
27395,252.0,6.0,16,23
30230,252.0,6.0,16,23
97460,443.0,8.0,13,20
99160,443.0,8.0,14,21
100660,443.0,8.0,14,21
104215,443.0,8.0,14,23
80655,320.0,8.0,15,24
84160,320.0,8.0,15,24
78335,320.0,8.0,15,24
80650,320.0,8.0,15,24
81855,320.0,8.0,15,24
85650,320.0,8.0,15,24
86215,320.0,8.0,15,24
62500,310.0,6.0,18,26
51895,310.0,6.0,19,27
38995,310.0,6.0,19,27
47390,310.0,6.0,18,26
44895,310.0,6.0,19,27
54390,310.0,6.0,18,26
26900,261.0,6.0,15,20
29440,261.0,6.0,16,20
25850,261.0,6.0,16,20
30490,261.0,6.0,15,20
24850,261.0,6.0,16,22
24990,261.0,6.0,15,20
22940,261.0,6.0,16,22
31370,261.0,6.0,15,20
25300,261.0,6.0,16,22
27350,261.0,6.0,15,20
25440,261.0,6.0,15,20
26300,261.0,6.0,16,20
23390,261.0,6.0,16,22
30320,261.0,6.0,16,20
26670,261.0,6.0,15,20
27720,261.0,6.0,15,20
25710,261.0,6.0,15,20
30590,261.0,6.0,15,20
23660,261.0,6.0,16,22
31640,261.0,6.0,15,20
25670,261.0,6.0,16,22
64245,304.0,6.0,17,26
44660,304.0,6.0,18,28
54670,304.0,6.0,18,28
62735,410.0,6.0,16,24
56900,304.0,6.0,17,26
51000,304.0,6.0,17,26
49000,304.0,6.0,18,28
69785,410.0,6.0,16,24
62015,304.0,6.0,18,28
45295,304.0,6.0,18,28
49250,304.0,6.0,18,28
55705,304.0,6.0,18,28
66780,304.0,6.0,17,26
72320,410.0,6.0,16,23
51250,304.0,6.0,17,26
63770,410.0,6.0,16,23
64550,304.0,6.0,18,28
57935,304.0,6.0,17,26
45295,304.0,6.0,18,28
66795,304.0,6.0,17,26
49295,304.0,6.0,18,28
57995,304.0,6.0,17,26
51295,304.0,6.0,17,26
63795,410.0,6.0,16,23
72395,410.0,6.0,16,23
64595,304.0,6.0,18,28
55795,304.0,6.0,18,28
2000,97.0,4.0,22,29
2000,145.0,6.0,18,26
2000,145.0,6.0,16,23
21995,148.0,4.0,23,30
24495,148.0,4.0,25,33
22995,148.0,4.0,25,33
25995,160.0,4.0,29,33
29295,160.0,4.0,29,33
22995,148.0,4.0,25,33
24495,148.0,4.0,25,33
21995,148.0,4.0,23,30
24795,148.0,4.0,26,34
29295,160.0,4.0,30,34
25995,160.0,4.0,30,34
22295,148.0,4.0,23,31
21595,148.0,4.0,23,31
23295,148.0,4.0,26,34
15950,106.0,4.0,30,39
17050,106.0,4.0,32,40
16820,106.0,4.0,30,37
16880,106.0,4.0,30,36
16505,106.0,4.0,30,36
15945,106.0,4.0,30,36
14845,106.0,4.0,30,37
15570,106.0,4.0,30,36
17620,106.0,4.0,30,36
17670,106.0,4.0,30,36
16870,106.0,4.0,30,37
16555,106.0,4.0,30,36
16930,106.0,4.0,30,36
14895,106.0,4.0,30,37
15620,106.0,4.0,30,36
15995,106.0,4.0,30,36
16000,106.0,4.0,30,35
16910,106.0,4.0,30,35
15250,106.0,4.0,30,36
16375,106.0,4.0,30,35
17285,106.0,4.0,30,35
18000,106.0,4.0,30,35
17200,106.0,4.0,30,36
3949,255.0,8.0,11,15
54420,332.0,8.0,20,23
51610,332.0,8.0,20,23
61770,332.0,8.0,20,23
58925,332.0,8.0,20,23
55280,332.0,8.0,20,23
63130,332.0,8.0,20,23
52470,332.0,8.0,20,23
60285,332.0,8.0,20,23
54145,332.0,8.0,20,23
64805,332.0,8.0,20,23
56955,332.0,8.0,20,23
61960,332.0,8.0,20,23
61925,355.0,8.0,15,22
58925,355.0,8.0,16,23
53440,355.0,8.0,15,22
67220,420.0,8.0,15,21
70220,420.0,8.0,14,20
50440,355.0,8.0,16,23
51015,355.0,8.0,16,23
59700,355.0,8.0,16,23
54015,355.0,8.0,15,22
68025,420.0,8.0,15,22
62700,355.0,8.0,15,22
71025,420.0,8.0,14,20
54230,355.0,8.0,15,22
68665,420.0,8.0,15,22
71665,420.0,8.0,14,20
63015,355.0,8.0,15,22
51230,355.0,8.0,16,23
60015,355.0,8.0,16,23
50740,355.0,8.0,16,22
47740,355.0,8.0,16,23
59225,355.0,8.0,16,22
56225,355.0,8.0,16,23
64520,420.0,8.0,15,21
67520,420.0,8.0,14,21
65325,420.0,8.0,15,22
51315,355.0,8.0,16,22
68325,420.0,8.0,15,21
57000,355.0,8.0,16,23
48315,355.0,8.0,16,23
60000,355.0,8.0,16,22
68965,420.0,8.0,15,20
57315,355.0,8.0,16,23
51530,355.0,8.0,16,22
65965,420.0,8.0,15,22
60315,355.0,8.0,16,22
48530,355.0,8.0,16,23
4976,193.0,6.0,17,24
4697,193.0,6.0,17,24
4755,170.0,6.0,17,25
37900,225.0,6.0,19,26
31300,184.0,6.0,18,25
37700,225.0,6.0,19,26
37900,225.0,6.0,19,26
31300,184.0,6.0,18,25
37700,225.0,6.0,19,26
50100,330.0,6.0,15,22
52100,330.0,6.0,15,22
50400,330.0,6.0,15,23
52400,330.0,6.0,15,23
48950,240.0,4.0,22,34
56950,300.0,6.0,19,26
65800,335.0,6.0,17,24
48950,240.0,4.0,22,34
56950,300.0,6.0,17,24
65800,335.0,6.0,17,24
57500,300.0,6.0,17,24
49700,240.0,4.0,22,34
66350,335.0,6.0,17,24
128000,394.0,8.0,12,19
130000,394.0,8.0,12,19
131500,394.0,8.0,12,19
46020,300.0,6.0,16,23
56570,300.0,6.0,16,23
50520,300.0,6.0,16,23
46120,300.0,6.0,16,23
56670,300.0,6.0,16,23
50620,300.0,6.0,16,23
50920,300.0,6.0,16,23
28995,221.0,6.0,17,26
